rank,title,subhead,count,tag,link,scrape_date
,总书记引屈原诗话家国情,节分端午自谁言，万古传闻为屈原。爱国诗人屈原的精神气节，始终感召着中华儿女。习近平总书记曾在多个场合引用屈原诗作名句阐述... 查看更多>,7904261,,https://www.baidu.com/s?wd=%E6%80%BB%E4%B9%A6%E8%AE%B0%E5%BC%95%E5%B1%88%E5%8E%9F%E8%AF%97%E8%AF%9D%E5%AE%B6%E5%9B%BD%E6%83%85&sa=fyb_news&rsv_dl=fyb_news,2026-06-19_09.32
1,1分钱外卖要凉了,外卖平台脱离正常促销范畴的长期、大额补贴活动，将迎来监管红线。市场监管总局发布的《外卖平台补贴行为规范十条（征求意见稿）... 查看更多>,7808401,新,https://www.baidu.com/s?wd=1%E5%88%86%E9%92%B1%E5%A4%96%E5%8D%96%E8%A6%81%E5%87%89%E4%BA%86&sa=fyb_news&rsv_dl=fyb_news,2026-06-19_09.32
2,亚洲球队惨遭五连败,6月19日，韩国队在美加墨世界杯小组赛0-1不敌墨西哥，门将金承奎扑球脱手致丢球，使亚洲球队在第二轮遭遇五连败，此前卡塔... 查看更多>,7713883,新,https://www.baidu.com/s?wd=%E4%BA%9A%E6%B4%B2%E7%90%83%E9%98%9F%E6%83%A8%E9%81%AD%E4%BA%94%E8%BF%9E%E8%B4%A5&sa=fyb_news&rsv_dl=fyb_news,2026-06-19_09.32
3,端午有这些别名 你知道多少,端午有许多别名，常见的有端阳、端五、五月五、重五、重午、仲夏节、五月节、天中节等，还有以标志性民俗事项作为代称的龙舟节、... 查看更多>,7617140,,https://www.baidu.com/s?wd=%E7%AB%AF%E5%8D%88%E6%9C%89%E8%BF%99%E4%BA%9B%E5%88%AB%E5%90%8D+%E4%BD%A0%E7%9F%A5%E9%81%93%E5%A4%9A%E5%B0%91&sa=fyb_news&rsv_dl=fyb_news,2026-06-19_09.32
4,孙兴慜遭调侃：开球像韩国女星,6月19日，在世界杯A组次轮韩国0比1不敌墨西哥后，国外博主借韩国女星张元英此前开球视频调侃孙兴慜，将其称作比赛“高光时... 查看更多>,7520582,,https://www.baidu.com/s?wd=%E5%AD%99%E5%85%B4%E6%85%9C%E9%81%AD%E8%B0%83%E4%BE%83%EF%BC%9A%E5%BC%80%E7%90%83%E5%83%8F%E9%9F%A9%E5%9B%BD%E5%A5%B3%E6%98%9F&sa=fyb_news&rsv_dl=fyb_news,2026-06-19_09.32
5,“感觉整个广州的人都来了”,6月19日上午，著名的“堵船”盛景在广州猎德涌上演，猎德龙舟招景活动在此举行。网友：“感觉整个广州的人都来了”。 查看更多>,7427763,,https://www.baidu.com/s?wd=%E2%80%9C%E6%84%9F%E8%A7%89%E6%95%B4%E4%B8%AA%E5%B9%BF%E5%B7%9E%E7%9A%84%E4%BA%BA%E9%83%BD%E6%9D%A5%E4%BA%86%E2%80%9D&sa=fyb_news&rsv_dl=fyb_news,2026-06-19_09.32
6,57岁女子参加婚礼发现新娘是自己,近日，57岁女子邓女士在广东广州参加婚礼时，意外发现新娘竟是自己。这场迟来36年的婚礼由儿女秘密策划两个月，以拍全家福为... 查看更多>,7331544,,https://www.baidu.com/s?wd=57%E5%B2%81%E5%A5%B3%E5%AD%90%E5%8F%82%E5%8A%A0%E5%A9%9A%E7%A4%BC%E5%8F%91%E7%8E%B0%E6%96%B0%E5%A8%98%E6%98%AF%E8%87%AA%E5%B7%B1&sa=fyb_news&rsv_dl=fyb_news,2026-06-19_09.32
7,端午插艾别选错 分清“艾”与“蒿”,端午插艾是传统习俗，在日常叫法里，艾草也被叫作艾蒿。一字之差，很多人混淆了艾草与蒿草，其实从植物分类来看，二者分属不同品... 查看更多>,7237517,,https://www.baidu.com/s?wd=%E7%AB%AF%E5%8D%88%E6%8F%92%E8%89%BE%E5%88%AB%E9%80%89%E9%94%99+%E5%88%86%E6%B8%85%E2%80%9C%E8%89%BE%E2%80%9D%E4%B8%8E%E2%80%9C%E8%92%BF%E2%80%9D&sa=fyb_news&rsv_dl=fyb_news,2026-06-19_09.32
8,各地血库告急 为何公众反感无偿献血,近日，《半月谈》发文关注多地血库告急背景下公众对无偿献血的抵触情绪。文章指出，献血伤身的认知并无医学依据，影响献血积极性... 查看更多>,7138672,,https://www.baidu.com/s?wd=%E5%90%84%E5%9C%B0%E8%A1%80%E5%BA%93%E5%91%8A%E6%80%A5+%E4%B8%BA%E4%BD%95%E5%85%AC%E4%BC%97%E5%8F%8D%E6%84%9F%E6%97%A0%E5%81%BF%E7%8C%AE%E8%A1%80&sa=fyb_news&rsv_dl=fyb_news,2026-06-19_09.32
9,世界杯来了个巨人,近日，澳大利亚后卫苏塔在本届世界杯上，凭借优异的防守表现和出众的身高引起了大家的关注，这名效力于英格兰莱斯特城俱乐部的澳... 查看更多>,7048379,新,https://www.baidu.com/s?wd=%E4%B8%96%E7%95%8C%E6%9D%AF%E6%9D%A5%E4%BA%86%E4%B8%AA%E5%B7%A8%E4%BA%BA&sa=fyb_news&rsv_dl=fyb_news,2026-06-19_09.32
10,韩国门将超级失误,6月19日的世界杯比赛，韩国门将金承奎接球脱手，导致墨西哥队比分领先。詹俊：超级失误！ 查看更多>,6945701,热,https://www.baidu.com/s?wd=%E9%9F%A9%E5%9B%BD%E9%97%A8%E5%B0%86%E8%B6%85%E7%BA%A7%E5%A4%B1%E8%AF%AF&sa=fyb_news&rsv_dl=fyb_news,2026-06-19_09.32
11,喝雄黄酒杀菌？这些端午谣言别信,近年来，有谣言称喝雄黄酒可杀菌消毒？官方辟谣：雄黄酒内服存在中毒风险，加热后毒性更强。雄黄主要成分为二硫化砷，遇热易氧化... 查看更多>,6848339,,https://www.baidu.com/s?wd=%E5%96%9D%E9%9B%84%E9%BB%84%E9%85%92%E6%9D%80%E8%8F%8C%EF%BC%9F%E8%BF%99%E4%BA%9B%E7%AB%AF%E5%8D%88%E8%B0%A3%E8%A8%80%E5%88%AB%E4%BF%A1&sa=fyb_news&rsv_dl=fyb_news,2026-06-19_09.32
12,警方通报黄子韬违停,6月19日，北京交警发布内容显示，近日接到群众举报，一辆悬挂外埠号牌的小客车涉嫌违法停车。经查，驾驶人黄某某（男，33岁... 查看更多>,6762716,新,https://www.baidu.com/s?wd=%E8%AD%A6%E6%96%B9%E9%80%9A%E6%8A%A5%E9%BB%84%E5%AD%90%E9%9F%AC%E8%BF%9D%E5%81%9C&sa=fyb_news&rsv_dl=fyb_news,2026-06-19_09.32
13,72岁丈母娘为搬到女婿隔壁开心落泪,近日，杭州一位72岁老人通过公租房选房，如愿搬到女婿隔壁后激动落泪。女儿去世后，女婿成了她最亲近的依靠，这些年一直照顾老... 查看更多>,6659513,热,https://www.baidu.com/s?wd=72%E5%B2%81%E4%B8%88%E6%AF%8D%E5%A8%98%E4%B8%BA%E6%90%AC%E5%88%B0%E5%A5%B3%E5%A9%BF%E9%9A%94%E5%A3%81%E5%BC%80%E5%BF%83%E8%90%BD%E6%B3%AA&sa=fyb_news&rsv_dl=fyb_news,2026-06-19_09.32
14,话剧导演陈明昊：没要求周冬雨背词,近日，周冬雨被爆话剧朗读台词，导演陈明昊回应称：没要求演员背词。 查看更多>,6573375,,https://www.baidu.com/s?wd=%E8%AF%9D%E5%89%A7%E5%AF%BC%E6%BC%94%E9%99%88%E6%98%8E%E6%98%8A%EF%BC%9A%E6%B2%A1%E8%A6%81%E6%B1%82%E5%91%A8%E5%86%AC%E9%9B%A8%E8%83%8C%E8%AF%8D&sa=fyb_news&rsv_dl=fyb_news,2026-06-19_09.32
15,900多年前的肉粽子长这样,2014年6月，考古人员在安徽芜湖南陵县一处北宋墓葬中发现两颗距今至少900年的粽子，其中一颗保存较完整。经鉴定，粽内含... 查看更多>,6478396,,https://www.baidu.com/s?wd=900%E5%A4%9A%E5%B9%B4%E5%89%8D%E7%9A%84%E8%82%89%E7%B2%BD%E5%AD%90%E9%95%BF%E8%BF%99%E6%A0%B7&sa=fyb_news&rsv_dl=fyb_news,2026-06-19_09.32
16,金饰克价一夜大跌44元,6月19日，金饰克价再跌破1300，其中老凤祥足金首饰克价1265元，较前一日1309元降了44元；周大福、老庙黄金分别... 查看更多>,6371625,,https://www.baidu.com/s?wd=%E9%87%91%E9%A5%B0%E5%85%8B%E4%BB%B7%E4%B8%80%E5%A4%9C%E5%A4%A7%E8%B7%8C44%E5%85%83&sa=fyb_news&rsv_dl=fyb_news,2026-06-19_09.32
17,叠滘龙船漂移！决战东胜S弯,6月19日至22日、27日13:30，一汽-大众T6·2026中国（佛山）叠滘龙船漂移赛开赛！水陆空多机位高清直击！25... 查看更多>,6275757,,https://www.baidu.com/s?wd=%E5%8F%A0%E6%BB%98%E9%BE%99%E8%88%B9%E6%BC%82%E7%A7%BB%EF%BC%81%E5%86%B3%E6%88%98%E4%B8%9C%E8%83%9CS%E5%BC%AF&sa=fyb_news&rsv_dl=fyb_news,2026-06-19_09.32
18,顶流演员竟然没戏拍了吗,6月14日晚的微博电影之夜，董子健、刘昊然纷纷对着台下镜头直接喊话：“找我工作，谢谢！”程潇也在红毯上坦言“档期很空”。... 查看更多>,6190949,,https://www.baidu.com/s?wd=%E9%A1%B6%E6%B5%81%E6%BC%94%E5%91%98%E7%AB%9F%E7%84%B6%E6%B2%A1%E6%88%8F%E6%8B%8D%E4%BA%86%E5%90%97&sa=fyb_news&rsv_dl=fyb_news,2026-06-19_09.32
19,瑞士外交部证实美伊会谈取消,查看更多>,6090005,新,https://www.baidu.com/s?wd=%E7%91%9E%E5%A3%AB%E5%A4%96%E4%BA%A4%E9%83%A8%E8%AF%81%E5%AE%9E%E7%BE%8E%E4%BC%8A%E4%BC%9A%E8%B0%88%E5%8F%96%E6%B6%88&sa=fyb_news&rsv_dl=fyb_news,2026-06-19_09.32
20,莫斯科遭2年来最大规模无人机袭击,当地时间6月18日，莫斯科遭遇近两年来最大规模无人机袭击，乌克兰无人机击中卡波特尼亚区炼油厂及萨多沃德购物中心，致储油罐... 查看更多>,5991608,,https://www.baidu.com/s?wd=%E8%8E%AB%E6%96%AF%E7%A7%91%E9%81%AD2%E5%B9%B4%E6%9D%A5%E6%9C%80%E5%A4%A7%E8%A7%84%E6%A8%A1%E6%97%A0%E4%BA%BA%E6%9C%BA%E8%A2%AD%E5%87%BB&sa=fyb_news&rsv_dl=fyb_news,2026-06-19_09.32
21,多名学生违背张桂梅忠告回到大山,多名从云南华坪女子高中毕业的学生违背校长张桂梅“走出大山后不要回来”的忠告，主动返乡担任教师、医生等基层职业。张桂梅从最... 查看更多>,5901660,,https://www.baidu.com/s?wd=%E5%A4%9A%E5%90%8D%E5%AD%A6%E7%94%9F%E8%BF%9D%E8%83%8C%E5%BC%A0%E6%A1%82%E6%A2%85%E5%BF%A0%E5%91%8A%E5%9B%9E%E5%88%B0%E5%A4%A7%E5%B1%B1&sa=fyb_news&rsv_dl=fyb_news,2026-06-19_09.32
22,世界杯为等广告播完让球员多站40秒,2026美加墨世界杯启用强制补水新规，揭幕战球员曾因等广告多停留40秒。该规则不分赛场气温一刀切执行，为转播商开辟固定广... 查看更多>,5790337,,https://www.baidu.com/s?wd=%E4%B8%96%E7%95%8C%E6%9D%AF%E4%B8%BA%E7%AD%89%E5%B9%BF%E5%91%8A%E6%92%AD%E5%AE%8C%E8%AE%A9%E7%90%83%E5%91%98%E5%A4%9A%E7%AB%9940%E7%A7%92&sa=fyb_news&rsv_dl=fyb_news,2026-06-19_09.32
23,DeepSeek识图把梁文锋认成张一鸣,6月18日，DeepSeek网页及APP端，均新增了“识图模式”，并显示“图片理解功能内测中”。但记者实测发现，Deep... 查看更多>,5712694,,https://www.baidu.com/s?wd=DeepSeek%E8%AF%86%E5%9B%BE%E6%8A%8A%E6%A2%81%E6%96%87%E9%94%8B%E8%AE%A4%E6%88%90%E5%BC%A0%E4%B8%80%E9%B8%A3&sa=fyb_news&rsv_dl=fyb_news,2026-06-19_09.32
24,缅甸总统在上海感叹中国太发达了,6月18日，缅甸总统敏昂莱到访上海临港新片区参观考察，并让随行人员多学习：中国太发达了！ 查看更多>,5617478,,https://www.baidu.com/s?wd=%E7%BC%85%E7%94%B8%E6%80%BB%E7%BB%9F%E5%9C%A8%E4%B8%8A%E6%B5%B7%E6%84%9F%E5%8F%B9%E4%B8%AD%E5%9B%BD%E5%A4%AA%E5%8F%91%E8%BE%BE%E4%BA%86&sa=fyb_news&rsv_dl=fyb_news,2026-06-19_09.32
25,你支持“咸粽”还是“甜粽”,近日，端午节再度掀起“咸甜粽之争”。有人偏爱咸粽的鲜香满足，也有人坚持甜粽的软糯清甜，不同地域和饮食习惯让口味选择各不相... 查看更多>,5524047,,https://www.baidu.com/s?wd=%E4%BD%A0%E6%94%AF%E6%8C%81%E2%80%9C%E5%92%B8%E7%B2%BD%E2%80%9D%E8%BF%98%E6%98%AF%E2%80%9C%E7%94%9C%E7%B2%BD%E2%80%9D&sa=fyb_news&rsv_dl=fyb_news,2026-06-19_09.32
26,广东人真把“屈原”救上来了,6月19日，广东佛山叠滘龙舟队因高速竞渡被网友调侃“真把‘屈原’救上来了”，引发热议。 查看更多>,5408341,,https://www.baidu.com/s?wd=%E5%B9%BF%E4%B8%9C%E4%BA%BA%E7%9C%9F%E6%8A%8A%E2%80%9C%E5%B1%88%E5%8E%9F%E2%80%9D%E6%95%91%E4%B8%8A%E6%9D%A5%E4%BA%86&sa=fyb_news&rsv_dl=fyb_news,2026-06-19_09.32
27,韩国男团嘲讽孙兴慜,SHINee成员崔珉豪与东方神起成员沈昌珉一同观战2026美加墨世界杯墨西哥对阵韩国的小组赛，观赛过程中沈昌珉看到孙兴慜... 查看更多>,5329144,新,https://www.baidu.com/s?wd=%E9%9F%A9%E5%9B%BD%E7%94%B7%E5%9B%A2%E5%98%B2%E8%AE%BD%E5%AD%99%E5%85%B4%E6%85%9C&sa=fyb_news&rsv_dl=fyb_news,2026-06-19_09.32
28,今年端午60年一遇,快接住60年一遇的端午好运！丙午年甲午月端午节，又是农历五月初五，五福临门，好运翻倍！记得要挂艾草、吃粽子，以此驱病纳祥... 查看更多>,5221870,热,https://www.baidu.com/s?wd=%E4%BB%8A%E5%B9%B4%E7%AB%AF%E5%8D%8860%E5%B9%B4%E4%B8%80%E9%81%87&sa=fyb_news&rsv_dl=fyb_news,2026-06-19_09.32
29,C罗粉丝攻陷队友社媒评论区,6月19日消息，世界杯小组赛首轮爆冷被民主刚果队逼平之后，葡萄牙队上下面临了很大的压力。尤其是球队队长C罗，在比赛中的低... 查看更多>,5142430,,https://www.baidu.com/s?wd=C%E7%BD%97%E7%B2%89%E4%B8%9D%E6%94%BB%E9%99%B7%E9%98%9F%E5%8F%8B%E7%A4%BE%E5%AA%92%E8%AF%84%E8%AE%BA%E5%8C%BA&sa=fyb_news&rsv_dl=fyb_news,2026-06-19_09.32
30,美国4位前总统同框 克林顿打瞌睡,当地时间6月19日，美国四位前总统克林顿、小布什、奥巴马和拜登在奥巴马总统中心启用仪式上同框亮相，其中克林顿被直播镜头拍... 查看更多>,5027559,,https://www.baidu.com/s?wd=%E7%BE%8E%E5%9B%BD4%E4%BD%8D%E5%89%8D%E6%80%BB%E7%BB%9F%E5%90%8C%E6%A1%86+%E5%85%8B%E6%9E%97%E9%A1%BF%E6%89%93%E7%9E%8C%E7%9D%A1&sa=fyb_news&rsv_dl=fyb_news,2026-06-19_09.32
31,李现被聘为世界杯开球嘉宾,6月19日，世界杯赞助商阿迪达斯更新社媒宣布，中国演员李现将担任本届世界杯次轮西班牙vs沙特的开球嘉宾。西班牙与佛得角、... 查看更多>,4956529,,https://www.baidu.com/s?wd=%E6%9D%8E%E7%8E%B0%E8%A2%AB%E8%81%98%E4%B8%BA%E4%B8%96%E7%95%8C%E6%9D%AF%E5%BC%80%E7%90%83%E5%98%89%E5%AE%BE&sa=fyb_news&rsv_dl=fyb_news,2026-06-19_09.32
32,武昌火车站多人拎箱在积水中前行,6月19日，武昌火车站因暴雨被淹，有积水到达脚踝位置，乘客拍到多人拎箱在积水中前行，武昌火车站工作人员最新回应：系负一层... 查看更多>,4857918,,https://www.baidu.com/s?wd=%E6%AD%A6%E6%98%8C%E7%81%AB%E8%BD%A6%E7%AB%99%E5%A4%9A%E4%BA%BA%E6%8B%8E%E7%AE%B1%E5%9C%A8%E7%A7%AF%E6%B0%B4%E4%B8%AD%E5%89%8D%E8%A1%8C&sa=fyb_news&rsv_dl=fyb_news,2026-06-19_09.32
33,农户10亩辣椒一夜之间全部死亡,近日，河南开封一名农户的‌10亩辣椒‌一夜之间全部枯死，叶片出现黄褐色斑点，初步估算损失‌8万元‌。 查看更多>,4748786,,https://www.baidu.com/s?wd=%E5%86%9C%E6%88%B710%E4%BA%A9%E8%BE%A3%E6%A4%92%E4%B8%80%E5%A4%9C%E4%B9%8B%E9%97%B4%E5%85%A8%E9%83%A8%E6%AD%BB%E4%BA%A1&sa=fyb_news&rsv_dl=fyb_news,2026-06-19_09.32
34,刘建宏：C罗该给葡萄牙打替补,北京时间6月18日，世界杯小组赛首轮，葡萄牙1-1民主刚果，C罗没有进球，表现低迷，前央视名嘴刘建宏用大巴黎举例，认为C... 查看更多>,4666624,,https://www.baidu.com/s?wd=%E5%88%98%E5%BB%BA%E5%AE%8F%EF%BC%9AC%E7%BD%97%E8%AF%A5%E7%BB%99%E8%91%A1%E8%90%84%E7%89%99%E6%89%93%E6%9B%BF%E8%A1%A5&sa=fyb_news&rsv_dl=fyb_news,2026-06-19_09.32
35,韩国门将失误惊呆甲亢哥,北京时间6月19日，2026世界杯A组第二轮，东道主墨西哥1-0战胜韩国，两连胜锁定小组第1提前出线。韩国门将金承奎出线... 查看更多>,4558379,,https://www.baidu.com/s?wd=%E9%9F%A9%E5%9B%BD%E9%97%A8%E5%B0%86%E5%A4%B1%E8%AF%AF%E6%83%8A%E5%91%86%E7%94%B2%E4%BA%A2%E5%93%A5&sa=fyb_news&rsv_dl=fyb_news,2026-06-19_09.32
36,韩国门将曾有更离谱失误,6月19日，在2026年美加墨世界杯韩国队对阵墨西哥队的比赛中，韩国门将‌金承奎‌离谱的致命失误，导致球队0-1告负。随... 查看更多>,4470540,,https://www.baidu.com/s?wd=%E9%9F%A9%E5%9B%BD%E9%97%A8%E5%B0%86%E6%9B%BE%E6%9C%89%E6%9B%B4%E7%A6%BB%E8%B0%B1%E5%A4%B1%E8%AF%AF&sa=fyb_news&rsv_dl=fyb_news,2026-06-19_09.32
37,曝立陶宛同意中方设立代办处,据媒体6月17日报道，立陶宛议会外交事务委员会主席雷米吉尤斯·莫图扎斯表示，立陶宛已同意中方在该国设立临时代办处，称此举... 查看更多>,4365165,,https://www.baidu.com/s?wd=%E6%9B%9D%E7%AB%8B%E9%99%B6%E5%AE%9B%E5%90%8C%E6%84%8F%E4%B8%AD%E6%96%B9%E8%AE%BE%E7%AB%8B%E4%BB%A3%E5%8A%9E%E5%A4%84&sa=fyb_news&rsv_dl=fyb_news,2026-06-19_09.32
38,男子婚宴后猝死 新人因敬酒被索赔,46岁男子参加婚宴喝酒回家后身体不适，送医后经抢救无效身亡。死者家属认为新人向亲友共同敬酒属劝酒，于是向新人索赔38万余... 查看更多>,4262220,,https://www.baidu.com/s?wd=%E7%94%B7%E5%AD%90%E5%A9%9A%E5%AE%B4%E5%90%8E%E7%8C%9D%E6%AD%BB+%E6%96%B0%E4%BA%BA%E5%9B%A0%E6%95%AC%E9%85%92%E8%A2%AB%E7%B4%A2%E8%B5%94&sa=fyb_news&rsv_dl=fyb_news,2026-06-19_09.32
39,商务部：将对澳进口牛肉加征55%关税,6月19日商务部发布提示，澳大利亚对华进口牛肉6月18日已达国别配额上限，依据相关公告，自6月20日零点起，我国将对澳进... 查看更多>,4191782,,https://www.baidu.com/s?wd=%E5%95%86%E5%8A%A1%E9%83%A8%EF%BC%9A%E5%B0%86%E5%AF%B9%E6%BE%B3%E8%BF%9B%E5%8F%A3%E7%89%9B%E8%82%89%E5%8A%A0%E5%BE%8155%25%E5%85%B3%E7%A8%8E&sa=fyb_news&rsv_dl=fyb_news,2026-06-19_09.32
40,加拿大球员重伤 小腿变形,6月19日，世界杯小组赛第二轮：加拿大vs卡塔尔，卡塔尔中场阿西姆·马迪博在一次拼抢中，一脚踢在了加拿大中场伊斯梅尔·科... 查看更多>,4099777,热,https://www.baidu.com/s?wd=%E5%8A%A0%E6%8B%BF%E5%A4%A7%E7%90%83%E5%91%98%E9%87%8D%E4%BC%A4+%E5%B0%8F%E8%85%BF%E5%8F%98%E5%BD%A2&sa=fyb_news&rsv_dl=fyb_news,2026-06-19_09.32
41,首支32强诞生！墨西哥战胜韩国出线,北京时间6月19日，2026年美加墨世界杯继续进行。在A组第二轮角逐中，墨西哥1-0战胜韩国。 查看更多>,3999385,,https://www.baidu.com/s?wd=%E9%A6%96%E6%94%AF32%E5%BC%BA%E8%AF%9E%E7%94%9F%EF%BC%81%E5%A2%A8%E8%A5%BF%E5%93%A5%E6%88%98%E8%83%9C%E9%9F%A9%E5%9B%BD%E5%87%BA%E7%BA%BF&sa=fyb_news&rsv_dl=fyb_news,2026-06-19_09.32
42,20寸行李箱不能免费登机了吗,假期出行，不少旅客反映乘坐飞机时，20寸的行李箱无法免费登机，并且各家航空公司执行标准也并不相同，这是怎么回事呢？据悉，... 查看更多>,3889418,新,https://www.baidu.com/s?wd=20%E5%AF%B8%E8%A1%8C%E6%9D%8E%E7%AE%B1%E4%B8%8D%E8%83%BD%E5%85%8D%E8%B4%B9%E7%99%BB%E6%9C%BA%E4%BA%86%E5%90%97&sa=fyb_news&rsv_dl=fyb_news,2026-06-19_09.32
43,老人3万2买“小卡宴”车抖得像拖拉机,近日，河南许昌一老人花32000元买“小卡宴”老头乐，车抖得像“拖拉机”。老人表示：“合格证啥都没有，一直在家放着不敢开... 查看更多>,3776091,新,https://www.baidu.com/s?wd=%E8%80%81%E4%BA%BA3%E4%B8%872%E4%B9%B0%E2%80%9C%E5%B0%8F%E5%8D%A1%E5%AE%B4%E2%80%9D%E8%BD%A6%E6%8A%96%E5%BE%97%E5%83%8F%E6%8B%96%E6%8B%89%E6%9C%BA&sa=fyb_news&rsv_dl=fyb_news,2026-06-19_09.32
44,女子退租遭房东索要688元月子红包,据报道，深圳一名孕妇租客退租时，房东以“坐月子冲撞运势”为由索要688元“风水红包”，并扣押金6000元，租客质疑房东借... 查看更多>,3718224,,https://www.baidu.com/s?wd=%E5%A5%B3%E5%AD%90%E9%80%80%E7%A7%9F%E9%81%AD%E6%88%BF%E4%B8%9C%E7%B4%A2%E8%A6%81688%E5%85%83%E6%9C%88%E5%AD%90%E7%BA%A2%E5%8C%85&sa=fyb_news&rsv_dl=fyb_news,2026-06-19_09.32
45,宝马停产国产纯电车型？回应来了,6月18日，针对网传宝马将于7月起全面停产i3、i5、iX1等全系国产纯电车型的消息，据中国经营报报道，一名接近宝马官方... 查看更多>,3613552,,https://www.baidu.com/s?wd=%E5%AE%9D%E9%A9%AC%E5%81%9C%E4%BA%A7%E5%9B%BD%E4%BA%A7%E7%BA%AF%E7%94%B5%E8%BD%A6%E5%9E%8B%EF%BC%9F%E5%9B%9E%E5%BA%94%E6%9D%A5%E4%BA%86&sa=fyb_news&rsv_dl=fyb_news,2026-06-19_09.32
46,宁波74岁阿婆卖掉上海别墅返乡种树,据报道，宁波74岁阿婆卖掉上海两套别墅，返乡在北仑村道旁种植上千棵罗汉松，单棵市场价最高达十万元。尽管被家人和村民质疑“... 查看更多>,3529766,,https://www.baidu.com/s?wd=%E5%AE%81%E6%B3%A274%E5%B2%81%E9%98%BF%E5%A9%86%E5%8D%96%E6%8E%89%E4%B8%8A%E6%B5%B7%E5%88%AB%E5%A2%85%E8%BF%94%E4%B9%A1%E7%A7%8D%E6%A0%91&sa=fyb_news&rsv_dl=fyb_news,2026-06-19_09.32
47,韩国球员踩踏对手还不耐烦：赶紧起来,6月19日9点，世界杯A组小组赛第二轮墨西哥对阵韩国。比赛刚刚进行到第5分钟，韩国队中场李刚仁就吃到一张黄牌。他不仅鞋底... 查看更多>,3389872,,https://www.baidu.com/s?wd=%E9%9F%A9%E5%9B%BD%E7%90%83%E5%91%98%E8%B8%A9%E8%B8%8F%E5%AF%B9%E6%89%8B%E8%BF%98%E4%B8%8D%E8%80%90%E7%83%A6%EF%BC%9A%E8%B5%B6%E7%B4%A7%E8%B5%B7%E6%9D%A5&sa=fyb_news&rsv_dl=fyb_news,2026-06-19_09.32
48,武汉暴雨中丈夫撑伞背妻子涉水前行,6月19日清晨8时许，武汉遭遇入梅后首轮强降雨，洪山区仁和路大洲村公交站附近积水漫过小路。一位丈夫背起妻子，在暴雨中趟过... 查看更多>,3302874,,https://www.baidu.com/s?wd=%E6%AD%A6%E6%B1%89%E6%9A%B4%E9%9B%A8%E4%B8%AD%E4%B8%88%E5%A4%AB%E6%92%91%E4%BC%9E%E8%83%8C%E5%A6%BB%E5%AD%90%E6%B6%89%E6%B0%B4%E5%89%8D%E8%A1%8C&sa=fyb_news&rsv_dl=fyb_news,2026-06-19_09.32
49,知名作家承认新书AI写作比重占一半,近日，科幻作家郝景芳在接受采访时透露，自己的新书《银河学院》中AI写作比重“已经可以占到一半”，一时间“郝景芳承认用AI... 查看更多>,3202990,新,https://www.baidu.com/s?wd=%E7%9F%A5%E5%90%8D%E4%BD%9C%E5%AE%B6%E6%89%BF%E8%AE%A4%E6%96%B0%E4%B9%A6AI%E5%86%99%E4%BD%9C%E6%AF%94%E9%87%8D%E5%8D%A0%E4%B8%80%E5%8D%8A&sa=fyb_news&rsv_dl=fyb_news,2026-06-19_09.32
50,科内重伤后 队友们为何要围成一圈,6月18日，世界杯小组赛加拿大队6:0大胜卡塔尔队的比赛中，加拿大队中场新星伊斯迈尔·科内遭遇凶狠犯规，小腿当场严重变形... 查看更多>,3149764,新,https://www.baidu.com/s?wd=%E7%A7%91%E5%86%85%E9%87%8D%E4%BC%A4%E5%90%8E+%E9%98%9F%E5%8F%8B%E4%BB%AC%E4%B8%BA%E4%BD%95%E8%A6%81%E5%9B%B4%E6%88%90%E4%B8%80%E5%9C%88&sa=fyb_news&rsv_dl=fyb_news,2026-06-19_09.32
,家国总关情,家国情怀，始终是端午节不变的底色，时隔千年依然引人共鸣。习近平总书记曾深刻指出：“我们是中华儿女，要了解中华民族历史，秉... 查看更多>,7904743,,https://www.baidu.com/s?wd=%E5%AE%B6%E5%9B%BD%E6%80%BB%E5%85%B3%E6%83%85&sa=fyb_news&rsv_dl=fyb_news,2026-06-19_05.41
1.0,多名学生违背张桂梅忠告回到大山,多名从云南华坪女子高中毕业的学生违背校长张桂梅“走出大山后不要回来”的忠告，主动返乡担任教师、医生等基层职业。张桂梅从最... 查看更多>,7809193,,https://www.baidu.com/s?wd=%E5%A4%9A%E5%90%8D%E5%AD%A6%E7%94%9F%E8%BF%9D%E8%83%8C%E5%BC%A0%E6%A1%82%E6%A2%85%E5%BF%A0%E5%91%8A%E5%9B%9E%E5%88%B0%E5%A4%A7%E5%B1%B1&sa=fyb_news&rsv_dl=fyb_news,2026-06-19_05.41
2.0,韩乔生：孙兴慜真成亚洲一哥们了,2026世界杯A组第二轮，韩国0-1不敌东道主墨西哥。本来是一场五五开的较量，胜负天平全由一次失误改写，墨西哥也借此率先... 查看更多>,7712676,新,https://www.baidu.com/s?wd=%E9%9F%A9%E4%B9%94%E7%94%9F%EF%BC%9A%E5%AD%99%E5%85%B4%E6%85%9C%E7%9C%9F%E6%88%90%E4%BA%9A%E6%B4%B2%E4%B8%80%E5%93%A5%E4%BB%AC%E4%BA%86&sa=fyb_news&rsv_dl=fyb_news,2026-06-19_05.41
3.0,端午节最硬核的“龙舟”竞渡来了,又到一年端午时，一起来看最硬核的“龙舟”竞渡。 查看更多>,7616925,,https://www.baidu.com/s?wd=%E7%AB%AF%E5%8D%88%E8%8A%82%E6%9C%80%E7%A1%AC%E6%A0%B8%E7%9A%84%E2%80%9C%E9%BE%99%E8%88%9F%E2%80%9D%E7%AB%9E%E6%B8%A1%E6%9D%A5%E4%BA%86&sa=fyb_news&rsv_dl=fyb_news,2026-06-19_05.41
4.0,今年端午60年一遇,快接住60年一遇的端午好运！丙午年甲午月端午节，又是农历五月初五，五福临门，好运翻倍！记得要挂艾草、吃粽子，以此驱病纳祥... 查看更多>,7521471,新,https://www.baidu.com/s?wd=%E4%BB%8A%E5%B9%B4%E7%AB%AF%E5%8D%8860%E5%B9%B4%E4%B8%80%E9%81%87&sa=fyb_news&rsv_dl=fyb_news,2026-06-19_05.41
5.0,韩国门将超级失误,6月19日的世界杯比赛，韩国门将金承奎接球脱手，导致墨西哥队比分领先。詹俊：超级失误！ 查看更多>,7428334,热,https://www.baidu.com/s?wd=%E9%9F%A9%E5%9B%BD%E9%97%A8%E5%B0%86%E8%B6%85%E7%BA%A7%E5%A4%B1%E8%AF%AF&sa=fyb_news&rsv_dl=fyb_news,2026-06-19_05.41
6.0,孩子烧光几十万手机爸爸问开不开心,近日，广东一名5岁男孩在家中玩火，意外引发火灾，家中环境被烧得面目全非，屋内价值几十万元的手机货物全部损毁，损失惨重。面... 查看更多>,7333883,,https://www.baidu.com/s?wd=%E5%AD%A9%E5%AD%90%E7%83%A7%E5%85%89%E5%87%A0%E5%8D%81%E4%B8%87%E6%89%8B%E6%9C%BA%E7%88%B8%E7%88%B8%E9%97%AE%E5%BC%80%E4%B8%8D%E5%BC%80%E5%BF%83&sa=fyb_news&rsv_dl=fyb_news,2026-06-19_05.41
7.0,首支32强诞生！墨西哥战胜韩国出线,北京时间6月19日，2026年美加墨世界杯继续进行。在A组第二轮角逐中，墨西哥1-0战胜韩国。 查看更多>,7234815,热,https://www.baidu.com/s?wd=%E9%A6%96%E6%94%AF32%E5%BC%BA%E8%AF%9E%E7%94%9F%EF%BC%81%E5%A2%A8%E8%A5%BF%E5%93%A5%E6%88%98%E8%83%9C%E9%9F%A9%E5%9B%BD%E5%87%BA%E7%BA%BF&sa=fyb_news&rsv_dl=fyb_news,2026-06-19_05.41
8.0,缅甸总统在上海感叹中国太发达了,6月18日，缅甸总统敏昂莱到访上海临港新片区参观考察，并让随行人员多学习：中国太发达了！ 查看更多>,7135512,,https://www.baidu.com/s?wd=%E7%BC%85%E7%94%B8%E6%80%BB%E7%BB%9F%E5%9C%A8%E4%B8%8A%E6%B5%B7%E6%84%9F%E5%8F%B9%E4%B8%AD%E5%9B%BD%E5%A4%AA%E5%8F%91%E8%BE%BE%E4%BA%86&sa=fyb_news&rsv_dl=fyb_news,2026-06-19_05.41
9.0,世界杯开赛后最疯狂一战诞生,在北京时间6月19日结束的世界杯B组第2轮1场对决中，最疯狂一战诞生，瑞士4-1完胜波黑，取得首胜。根据统计，这是世界杯... 查看更多>,7043640,热,https://www.baidu.com/s?wd=%E4%B8%96%E7%95%8C%E6%9D%AF%E5%BC%80%E8%B5%9B%E5%90%8E%E6%9C%80%E7%96%AF%E7%8B%82%E4%B8%80%E6%88%98%E8%AF%9E%E7%94%9F&sa=fyb_news&rsv_dl=fyb_news,2026-06-19_05.41
10.0,你支持“咸粽”还是“甜粽”,近日，端午节再度掀起“咸甜粽之争”。有人偏爱咸粽的鲜香满足，也有人坚持甜粽的软糯清甜，不同地域和饮食习惯让口味选择各不相... 查看更多>,6947873,,https://www.baidu.com/s?wd=%E4%BD%A0%E6%94%AF%E6%8C%81%E2%80%9C%E5%92%B8%E7%B2%BD%E2%80%9D%E8%BF%98%E6%98%AF%E2%80%9C%E7%94%9C%E7%B2%BD%E2%80%9D&sa=fyb_news&rsv_dl=fyb_news,2026-06-19_05.41
11.0,工信部辟谣8家车企被撤销资质,近日，针对“8家车企被移出名录、整车生产资质永久失效”的网传消息，工信部回应称相关说法不实。除一汽夏利早年已注销准入许可... 查看更多>,6857544,,https://www.baidu.com/s?wd=%E5%B7%A5%E4%BF%A1%E9%83%A8%E8%BE%9F%E8%B0%A38%E5%AE%B6%E8%BD%A6%E4%BC%81%E8%A2%AB%E6%92%A4%E9%94%80%E8%B5%84%E8%B4%A8&sa=fyb_news&rsv_dl=fyb_news,2026-06-19_05.41
12.0,159瓶茅台被扣押3年后失踪？警方通报,6月18日，四川宜宾警方通报“159瓶茅台被扣押3年后失踪”相关情况称，涉案酒品于2023年被依法扣押并完成鉴定，除抽样... 查看更多>,6754864,热,https://www.baidu.com/s?wd=159%E7%93%B6%E8%8C%85%E5%8F%B0%E8%A2%AB%E6%89%A3%E6%8A%BC3%E5%B9%B4%E5%90%8E%E5%A4%B1%E8%B8%AA%EF%BC%9F%E8%AD%A6%E6%96%B9%E9%80%9A%E6%8A%A5&sa=fyb_news&rsv_dl=fyb_news,2026-06-19_05.41
13.0,莫斯科遭2年来最大规模无人机袭击,当地时间6月18日，莫斯科遭遇近两年来最大规模无人机袭击，乌克兰无人机击中卡波特尼亚区炼油厂及萨多沃德购物中心，致储油罐... 查看更多>,6660819,,https://www.baidu.com/s?wd=%E8%8E%AB%E6%96%AF%E7%A7%91%E9%81%AD2%E5%B9%B4%E6%9D%A5%E6%9C%80%E5%A4%A7%E8%A7%84%E6%A8%A1%E6%97%A0%E4%BA%BA%E6%9C%BA%E8%A2%AD%E5%87%BB&sa=fyb_news&rsv_dl=fyb_news,2026-06-19_05.41
14.0,瑞士外交部证实美伊会谈取消,查看更多>,6560048,新,https://www.baidu.com/s?wd=%E7%91%9E%E5%A3%AB%E5%A4%96%E4%BA%A4%E9%83%A8%E8%AF%81%E5%AE%9E%E7%BE%8E%E4%BC%8A%E4%BC%9A%E8%B0%88%E5%8F%96%E6%B6%88&sa=fyb_news&rsv_dl=fyb_news,2026-06-19_05.41
15.0,加拿大主帅：现场听到骨头断裂声,加拿大主帅杰西·马什赛后表示，“现场能听到骨头断裂的声音，我们都很心疼他（科内），每个人都为他感到揪心。”他随后补充说，... 查看更多>,6470462,,https://www.baidu.com/s?wd=%E5%8A%A0%E6%8B%BF%E5%A4%A7%E4%B8%BB%E5%B8%85%EF%BC%9A%E7%8E%B0%E5%9C%BA%E5%90%AC%E5%88%B0%E9%AA%A8%E5%A4%B4%E6%96%AD%E8%A3%82%E5%A3%B0&sa=fyb_news&rsv_dl=fyb_news,2026-06-19_05.41
16.0,贾乃亮自曝无戏可拍,6月19日，演员贾乃亮在直播中坦言，因演员天赋有限、年龄戏路尴尬及行业竞争激烈导致无戏可拍，已全面转型直播带货，并自嘲“... 查看更多>,6371798,,https://www.baidu.com/s?wd=%E8%B4%BE%E4%B9%83%E4%BA%AE%E8%87%AA%E6%9B%9D%E6%97%A0%E6%88%8F%E5%8F%AF%E6%8B%8D&sa=fyb_news&rsv_dl=fyb_news,2026-06-19_05.41
17.0,60后大爷看00后龙舟男团的腹肌笑了,6月18日，杭州一场龙舟活动中，60后大爷观看00后龙舟男团训练时，因年轻队员的腹肌发出爽朗笑声，展现新老两代龙舟爱好者... 查看更多>,6281805,新,https://www.baidu.com/s?wd=60%E5%90%8E%E5%A4%A7%E7%88%B7%E7%9C%8B00%E5%90%8E%E9%BE%99%E8%88%9F%E7%94%B7%E5%9B%A2%E7%9A%84%E8%85%B9%E8%82%8C%E7%AC%91%E4%BA%86&sa=fyb_news&rsv_dl=fyb_news,2026-06-19_05.41
18.0,多位周冬雨话剧观众喊话退票,6月18日，周冬雨参演的话剧《文城》因演出表现引发争议，多位观众在社交平台喊话退票。有观众称演员现场频繁看提词器、念台本... 查看更多>,6190670,,https://www.baidu.com/s?wd=%E5%A4%9A%E4%BD%8D%E5%91%A8%E5%86%AC%E9%9B%A8%E8%AF%9D%E5%89%A7%E8%A7%82%E4%BC%97%E5%96%8A%E8%AF%9D%E9%80%80%E7%A5%A8&sa=fyb_news&rsv_dl=fyb_news,2026-06-19_05.41
19.0,C罗丢球后问门将：为何不出击,6月18日，美加墨世界杯K组首轮，葡萄牙1比1战平民主刚果。上半场补时阶段球队角球失守后，C罗第一时间走向门将迪奥戈·科... 查看更多>,6086268,热,https://www.baidu.com/s?wd=C%E7%BD%97%E4%B8%A2%E7%90%83%E5%90%8E%E9%97%AE%E9%97%A8%E5%B0%86%EF%BC%9A%E4%B8%BA%E4%BD%95%E4%B8%8D%E5%87%BA%E5%87%BB&sa=fyb_news&rsv_dl=fyb_news,2026-06-19_05.41
20.0,加拿大球员重伤 小腿变形,6月19日，世界杯小组赛第二轮：加拿大vs卡塔尔，卡塔尔中场阿西姆·马迪博在一次拼抢中，一脚踢在了加拿大中场伊斯梅尔·科... 查看更多>,5985466,热,https://www.baidu.com/s?wd=%E5%8A%A0%E6%8B%BF%E5%A4%A7%E7%90%83%E5%91%98%E9%87%8D%E4%BC%A4+%E5%B0%8F%E8%85%BF%E5%8F%98%E5%BD%A2&sa=fyb_news&rsv_dl=fyb_news,2026-06-19_05.41
21.0,卖不完的粽子都去哪儿了,每年端午节前后都会有大量粽子上市。许多人心中都有一个疑问：卖不完的粽子最终都去了哪里？记者实地调查发现，有的被转售给早餐... 查看更多>,5888734,新,https://www.baidu.com/s?wd=%E5%8D%96%E4%B8%8D%E5%AE%8C%E7%9A%84%E7%B2%BD%E5%AD%90%E9%83%BD%E5%8E%BB%E5%93%AA%E5%84%BF%E4%BA%86&sa=fyb_news&rsv_dl=fyb_news,2026-06-19_05.41
22.0,男子吃野生菌后报警：家被虫入侵了,6月18日，云南一男子食用野生菌中毒出现幻觉，报警称家里被虫入侵，民警上门带他送医检查。 查看更多>,5807705,新,https://www.baidu.com/s?wd=%E7%94%B7%E5%AD%90%E5%90%83%E9%87%8E%E7%94%9F%E8%8F%8C%E5%90%8E%E6%8A%A5%E8%AD%A6%EF%BC%9A%E5%AE%B6%E8%A2%AB%E8%99%AB%E5%85%A5%E4%BE%B5%E4%BA%86&sa=fyb_news&rsv_dl=fyb_news,2026-06-19_05.41
23.0,知名作家承认新书AI写作比重占一半,近日，科幻作家郝景芳在接受采访时透露，自己的新书《银河学院》中AI写作比重“已经可以占到一半”，一时间“郝景芳承认用AI... 查看更多>,5698464,新,https://www.baidu.com/s?wd=%E7%9F%A5%E5%90%8D%E4%BD%9C%E5%AE%B6%E6%89%BF%E8%AE%A4%E6%96%B0%E4%B9%A6AI%E5%86%99%E4%BD%9C%E6%AF%94%E9%87%8D%E5%8D%A0%E4%B8%80%E5%8D%8A&sa=fyb_news&rsv_dl=fyb_news,2026-06-19_05.41
24.0,李佳琦回应纸尿裤被指检出甲酰胺,近日，“好奇”“碧芭宝贝”“Babycare”等多个品牌的婴幼儿纸尿裤中被曝检出毒性物质——甲酰胺。6月18日，李佳琦在... 查看更多>,5614588,,https://www.baidu.com/s?wd=%E6%9D%8E%E4%BD%B3%E7%90%A6%E5%9B%9E%E5%BA%94%E7%BA%B8%E5%B0%BF%E8%A3%A4%E8%A2%AB%E6%8C%87%E6%A3%80%E5%87%BA%E7%94%B2%E9%85%B0%E8%83%BA&sa=fyb_news&rsv_dl=fyb_news,2026-06-19_05.41
25.0,替补19分钟双响 最贵天才拯救瑞士,6月19日，世界杯B组第二轮，瑞士4比1击败波黑取得首胜。20岁的曼赞比第71分钟替补登场，在19分钟内完成梅开二度，帮... 查看更多>,5505836,,https://www.baidu.com/s?wd=%E6%9B%BF%E8%A1%A519%E5%88%86%E9%92%9F%E5%8F%8C%E5%93%8D+%E6%9C%80%E8%B4%B5%E5%A4%A9%E6%89%8D%E6%8B%AF%E6%95%91%E7%91%9E%E5%A3%AB&sa=fyb_news&rsv_dl=fyb_news,2026-06-19_05.41
26.0,周冬雨被曝演话剧不背台词 观众发声,近日，周冬雨、段奕宏、陈明昊主演的话剧《文城》在秦皇岛上演，票价区间为480元至880元，有观众爆料周冬雨演话剧不背台词... 查看更多>,5430192,热,https://www.baidu.com/s?wd=%E5%91%A8%E5%86%AC%E9%9B%A8%E8%A2%AB%E6%9B%9D%E6%BC%94%E8%AF%9D%E5%89%A7%E4%B8%8D%E8%83%8C%E5%8F%B0%E8%AF%8D+%E8%A7%82%E4%BC%97%E5%8F%91%E5%A3%B0&sa=fyb_news&rsv_dl=fyb_news,2026-06-19_05.41
27.0,中方回应韩国涉台表态,近日，韩国外交部重申韩中建交联合公报涉台表述，表示承认中华人民共和国政府是中国唯一合法政府，并尊重一个中国立场。中方对此... 查看更多>,5328235,,https://www.baidu.com/s?wd=%E4%B8%AD%E6%96%B9%E5%9B%9E%E5%BA%94%E9%9F%A9%E5%9B%BD%E6%B6%89%E5%8F%B0%E8%A1%A8%E6%80%81&sa=fyb_news&rsv_dl=fyb_news,2026-06-19_05.41
28.0,这种粽子绳高温蒸煮有毒,市场上有不少品牌的散装粽子，会用尼龙绳或塑料绳捆绑，有的还贴上塑料标签。据了解，化学纤维绳安全性较差，如尼龙绳、涤纶绳、... 查看更多>,5223936,,https://www.baidu.com/s?wd=%E8%BF%99%E7%A7%8D%E7%B2%BD%E5%AD%90%E7%BB%B3%E9%AB%98%E6%B8%A9%E8%92%B8%E7%85%AE%E6%9C%89%E6%AF%92&sa=fyb_news&rsv_dl=fyb_news,2026-06-19_05.41
29.0,南非队扳平点球后集体冥想致敬C罗,近日，世界杯小组赛南非对阵捷克，南非队在扳平比分后，场上球员集体做出了C罗标志性的“冥想庆祝”动作。球员们双手交叉放在胸... 查看更多>,5119131,,https://www.baidu.com/s?wd=%E5%8D%97%E9%9D%9E%E9%98%9F%E6%89%B3%E5%B9%B3%E7%82%B9%E7%90%83%E5%90%8E%E9%9B%86%E4%BD%93%E5%86%A5%E6%83%B3%E8%87%B4%E6%95%ACC%E7%BD%97&sa=fyb_news&rsv_dl=fyb_news,2026-06-19_05.41
30.0,粽叶飘香 端午安康,端午节历史悠久，意蕴丰富，是中国四大传统节日之一，亦是中国首个入选联合国教科文组织人类非物质文化遗产代表作名录的节日。赛... 查看更多>,5025003,,https://www.baidu.com/s?wd=%E7%B2%BD%E5%8F%B6%E9%A3%98%E9%A6%99+%E7%AB%AF%E5%8D%88%E5%AE%89%E5%BA%B7&sa=fyb_news&rsv_dl=fyb_news,2026-06-19_05.41
31.0,《给阿嬷的情书》全球上映大马观众泪目,《给阿嬷的情书》全球上映，大马观众泪目。国内观众看到的是历史，而海外华人看到的是家人走过的一生。中华文化是他们的来时路，... 查看更多>,4944309,,https://www.baidu.com/s?wd=%E3%80%8A%E7%BB%99%E9%98%BF%E5%AC%B7%E7%9A%84%E6%83%85%E4%B9%A6%E3%80%8B%E5%85%A8%E7%90%83%E4%B8%8A%E6%98%A0%E5%A4%A7%E9%A9%AC%E8%A7%82%E4%BC%97%E6%B3%AA%E7%9B%AE&sa=fyb_news&rsv_dl=fyb_news,2026-06-19_05.41
32.0,一日3位高管离任 这家养猪龙头怎么了,近期，湖南生猪养殖龙头企业湖南新五丰股份有限公司（简称“新五丰”）迎来核心管理层换血。6月15日，新五丰董事长、总经理、... 查看更多>,4835123,新,https://www.baidu.com/s?wd=%E4%B8%80%E6%97%A53%E4%BD%8D%E9%AB%98%E7%AE%A1%E7%A6%BB%E4%BB%BB+%E8%BF%99%E5%AE%B6%E5%85%BB%E7%8C%AA%E9%BE%99%E5%A4%B4%E6%80%8E%E4%B9%88%E4%BA%86&sa=fyb_news&rsv_dl=fyb_news,2026-06-19_05.41
33.0,科内骨折结束世界杯之旅 马迪博道歉,据了解，加拿大中场球员伊斯梅尔·科内遭遇了腓骨骨折和胫骨骨折。他目前与母亲苏珊娜一同在医院，为即将进行的手术做准备。科内... 查看更多>,4734306,,https://www.baidu.com/s?wd=%E7%A7%91%E5%86%85%E9%AA%A8%E6%8A%98%E7%BB%93%E6%9D%9F%E4%B8%96%E7%95%8C%E6%9D%AF%E4%B9%8B%E6%97%85+%E9%A9%AC%E8%BF%AA%E5%8D%9A%E9%81%93%E6%AD%89&sa=fyb_news&rsv_dl=fyb_news,2026-06-19_05.41
34.0,龙舟老匠人做出“水中劳斯莱斯”,端午佳节来临，杭州79岁龙舟老匠人董阿毛进入一年中最忙的时候。作为当地少数仍坚持手作龙舟的工匠，他从十二三岁开始钻研造舟... 查看更多>,4661935,,https://www.baidu.com/s?wd=%E9%BE%99%E8%88%9F%E8%80%81%E5%8C%A0%E4%BA%BA%E5%81%9A%E5%87%BA%E2%80%9C%E6%B0%B4%E4%B8%AD%E5%8A%B3%E6%96%AF%E8%8E%B1%E6%96%AF%E2%80%9D&sa=fyb_news&rsv_dl=fyb_news,2026-06-19_05.41
35.0,小米回应空调是否要定期加氟,查看更多>,4555956,,https://www.baidu.com/s?wd=%E5%B0%8F%E7%B1%B3%E5%9B%9E%E5%BA%94%E7%A9%BA%E8%B0%83%E6%98%AF%E5%90%A6%E8%A6%81%E5%AE%9A%E6%9C%9F%E5%8A%A0%E6%B0%9F&sa=fyb_news&rsv_dl=fyb_news,2026-06-19_05.41
36.0,韩国门将曾有更离谱失误,6月19日，在2026年美加墨世界杯韩国队对阵墨西哥队的比赛中，韩国门将‌金承奎‌离谱的致命失误，导致球队0-1告负。随... 查看更多>,4462632,新,https://www.baidu.com/s?wd=%E9%9F%A9%E5%9B%BD%E9%97%A8%E5%B0%86%E6%9B%BE%E6%9C%89%E6%9B%B4%E7%A6%BB%E8%B0%B1%E5%A4%B1%E8%AF%AF&sa=fyb_news&rsv_dl=fyb_news,2026-06-19_05.41
37.0,全球多地年轻人正热衷于“搞副业”,全球多地年轻人因生活成本高涨和就业焦虑，正加速转向“主业+副业”的多职模式。Z世代（29岁以下）是主要推动群体，美国劳工... 查看更多>,4378427,,https://www.baidu.com/s?wd=%E5%85%A8%E7%90%83%E5%A4%9A%E5%9C%B0%E5%B9%B4%E8%BD%BB%E4%BA%BA%E6%AD%A3%E7%83%AD%E8%A1%B7%E4%BA%8E%E2%80%9C%E6%90%9E%E5%89%AF%E4%B8%9A%E2%80%9D&sa=fyb_news&rsv_dl=fyb_news,2026-06-19_05.41
38.0,宝马回应停产国产纯电车型,查看更多>,4291125,,https://www.baidu.com/s?wd=%E5%AE%9D%E9%A9%AC%E5%9B%9E%E5%BA%94%E5%81%9C%E4%BA%A7%E5%9B%BD%E4%BA%A7%E7%BA%AF%E7%94%B5%E8%BD%A6%E5%9E%8B&sa=fyb_news&rsv_dl=fyb_news,2026-06-19_05.41
39.0,端午插艾别选错 分清“艾”与“蒿”,端午插艾是传统习俗，在日常叫法里，艾草也被叫作艾蒿。一字之差，很多人混淆了艾草与蒿草，其实从植物分类来看，二者分属不同品... 查看更多>,4177243,,https://www.baidu.com/s?wd=%E7%AB%AF%E5%8D%88%E6%8F%92%E8%89%BE%E5%88%AB%E9%80%89%E9%94%99+%E5%88%86%E6%B8%85%E2%80%9C%E8%89%BE%E2%80%9D%E4%B8%8E%E2%80%9C%E8%92%BF%E2%80%9D&sa=fyb_news&rsv_dl=fyb_news,2026-06-19_05.41
40.0,200多艘龙船集结 网友：上错船咋办,端午节来临，广东一地举行龙舟竞渡活动，200多艘龙船集结江面，场面十分壮观。不少网友被密集的船阵震撼，调侃“上错船了咋办... 查看更多>,4082025,,https://www.baidu.com/s?wd=200%E5%A4%9A%E8%89%98%E9%BE%99%E8%88%B9%E9%9B%86%E7%BB%93+%E7%BD%91%E5%8F%8B%EF%BC%9A%E4%B8%8A%E9%94%99%E8%88%B9%E5%92%8B%E5%8A%9E&sa=fyb_news&rsv_dl=fyb_news,2026-06-19_05.41
41.0,1分钱外卖要凉了,外卖平台脱离正常促销范畴的长期、大额补贴活动，将迎来监管红线。市场监管总局发布的《外卖平台补贴行为规范十条（征求意见稿）... 查看更多>,3980994,新,https://www.baidu.com/s?wd=1%E5%88%86%E9%92%B1%E5%A4%96%E5%8D%96%E8%A6%81%E5%87%89%E4%BA%86&sa=fyb_news&rsv_dl=fyb_news,2026-06-19_05.41
42.0,金饰克价一夜大跌44元,查看更多>,3873182,,https://www.baidu.com/s?wd=%E9%87%91%E9%A5%B0%E5%85%8B%E4%BB%B7%E4%B8%80%E5%A4%9C%E5%A4%A7%E8%B7%8C44%E5%85%83&sa=fyb_news&rsv_dl=fyb_news,2026-06-19_05.41
43.0,全女裁判组亮相 三孩妈妈执法世界杯,北京时间6月19日凌晨，美加墨世界杯A组捷克队与南非队1比1战平。本场比赛，国际足联启用了一套全女性场上裁判组，三孩妈妈... 查看更多>,3810817,,https://www.baidu.com/s?wd=%E5%85%A8%E5%A5%B3%E8%A3%81%E5%88%A4%E7%BB%84%E4%BA%AE%E7%9B%B8+%E4%B8%89%E5%AD%A9%E5%A6%88%E5%A6%88%E6%89%A7%E6%B3%95%E4%B8%96%E7%95%8C%E6%9D%AF&sa=fyb_news&rsv_dl=fyb_news,2026-06-19_05.41
44.0,日本小学发生火灾 多人被困窗台边缘,当地时间6月19日上午，日本东京北区一所小学发生火灾，现场黑烟密布，多人爬至外置屋檐逃生。约300名学生已疏散至学校操场... 查看更多>,3717374,,https://www.baidu.com/s?wd=%E6%97%A5%E6%9C%AC%E5%B0%8F%E5%AD%A6%E5%8F%91%E7%94%9F%E7%81%AB%E7%81%BE+%E5%A4%9A%E4%BA%BA%E8%A2%AB%E5%9B%B0%E7%AA%97%E5%8F%B0%E8%BE%B9%E7%BC%98&sa=fyb_news&rsv_dl=fyb_news,2026-06-19_05.41
45.0,2026西溪龙舟文化节,作为西溪湿地当之无愧的文化“金名片”，端午龙舟竞渡在此传承不息。本届活动在延续民主党派龙舟赛、国际龙船赛、龙舟胜会等多元... 查看更多>,3596810,,https://www.baidu.com/s?wd=2026%E8%A5%BF%E6%BA%AA%E9%BE%99%E8%88%9F%E6%96%87%E5%8C%96%E8%8A%82&sa=fyb_news&rsv_dl=fyb_news,2026-06-19_05.41
46.0,“没有包不了的 只有想不到的”,端午节来临，全国各地粽子花样不断升级，从咸甜传统口味到闽南烧肉干贝粽、川渝辣粽等层出不穷。网友调侃“没有包不了的，只有想... 查看更多>,3498833,,https://www.baidu.com/s?wd=%E2%80%9C%E6%B2%A1%E6%9C%89%E5%8C%85%E4%B8%8D%E4%BA%86%E7%9A%84+%E5%8F%AA%E6%9C%89%E6%83%B3%E4%B8%8D%E5%88%B0%E7%9A%84%E2%80%9D&sa=fyb_news&rsv_dl=fyb_news,2026-06-19_05.41
47.0,追觅宣布回归主业,近期，追觅科技完成新一轮核心战略调整，锁定智能家庭、户外庭院、智能出行、具身智能4大核心赛道，对旗下业务体系进行系统性梳... 查看更多>,3401503,,https://www.baidu.com/s?wd=%E8%BF%BD%E8%A7%85%E5%AE%A3%E5%B8%83%E5%9B%9E%E5%BD%92%E4%B8%BB%E4%B8%9A&sa=fyb_news&rsv_dl=fyb_news,2026-06-19_05.41
48.0,青银高速起火 一司机遇难,查看更多>,3309966,,https://www.baidu.com/s?wd=%E9%9D%92%E9%93%B6%E9%AB%98%E9%80%9F%E8%B5%B7%E7%81%AB+%E4%B8%80%E5%8F%B8%E6%9C%BA%E9%81%87%E9%9A%BE&sa=fyb_news&rsv_dl=fyb_news,2026-06-19_05.41
49.0,世界杯强制补水？名为补水实为补钱,作为世界杯史上前所未有的一项新规，“强制补水”初衷是在高温高湿环境下保障球员健康。然而，2026年美加墨世界杯“补水暂停... 查看更多>,3200509,,https://www.baidu.com/s?wd=%E4%B8%96%E7%95%8C%E6%9D%AF%E5%BC%BA%E5%88%B6%E8%A1%A5%E6%B0%B4%EF%BC%9F%E5%90%8D%E4%B8%BA%E8%A1%A5%E6%B0%B4%E5%AE%9E%E4%B8%BA%E8%A1%A5%E9%92%B1&sa=fyb_news&rsv_dl=fyb_news,2026-06-19_05.41
50.0,纸尿裤被曝检出毒性物质 五问甲酰胺,近日，多款品牌婴幼儿纸尿裤被曝检出毒性物质甲酰胺，引发关注。围绕“甲酰胺是什么、为何国标未设限、是否允许添加、可能来源及... 查看更多>,3112106,,https://www.baidu.com/s?wd=%E7%BA%B8%E5%B0%BF%E8%A3%A4%E8%A2%AB%E6%9B%9D%E6%A3%80%E5%87%BA%E6%AF%92%E6%80%A7%E7%89%A9%E8%B4%A8+%E4%BA%94%E9%97%AE%E7%94%B2%E9%85%B0%E8%83%BA&sa=fyb_news&rsv_dl=fyb_news,2026-06-19_05.41
,家国总关情,家国情怀，始终是端午节不变的底色，时隔千年依然引人共鸣。习近平总书记曾深刻指出：“我们是中华儿女，要了解中华民族历史，秉... 查看更多>,7903985,,https://www.baidu.com/s?wd=%E5%AE%B6%E5%9B%BD%E6%80%BB%E5%85%B3%E6%83%85&sa=fyb_news&rsv_dl=fyb_news,2026-06-19_03.16
1.0,世界杯开赛后最疯狂一战诞生,在北京时间6月19日结束的世界杯B组第2轮1场对决中，最疯狂一战诞生，瑞士4-1完胜波黑，取得首胜。根据统计，这是世界杯... 查看更多>,7807924,热,https://www.baidu.com/s?wd=%E4%B8%96%E7%95%8C%E6%9D%AF%E5%BC%80%E8%B5%9B%E5%90%8E%E6%9C%80%E7%96%AF%E7%8B%82%E4%B8%80%E6%88%98%E8%AF%9E%E7%94%9F&sa=fyb_news&rsv_dl=fyb_news,2026-06-19_03.16
2.0,首支32强诞生！墨西哥战胜韩国出线,北京时间6月19日，2026年美加墨世界杯继续进行。在A组第二轮角逐中，墨西哥1-0战胜韩国。 查看更多>,7714676,新,https://www.baidu.com/s?wd=%E9%A6%96%E6%94%AF32%E5%BC%BA%E8%AF%9E%E7%94%9F%EF%BC%81%E5%A2%A8%E8%A5%BF%E5%93%A5%E6%88%98%E8%83%9C%E9%9F%A9%E5%9B%BD%E5%87%BA%E7%BA%BF&sa=fyb_news&rsv_dl=fyb_news,2026-06-19_03.16
3.0,端午节最硬核的“龙舟”竞渡来了,又到一年端午时，一起来看最硬核的“龙舟”竞渡。 查看更多>,7617327,,https://www.baidu.com/s?wd=%E7%AB%AF%E5%8D%88%E8%8A%82%E6%9C%80%E7%A1%AC%E6%A0%B8%E7%9A%84%E2%80%9C%E9%BE%99%E8%88%9F%E2%80%9D%E7%AB%9E%E6%B8%A1%E6%9D%A5%E4%BA%86&sa=fyb_news&rsv_dl=fyb_news,2026-06-19_03.16
4.0,159瓶茅台被扣押3年后失踪？警方通报,6月18日，四川宜宾警方通报“159瓶茅台被扣押3年后失踪”相关情况称，涉案酒品于2023年被依法扣押并完成鉴定，除抽样... 查看更多>,7522562,热,https://www.baidu.com/s?wd=159%E7%93%B6%E8%8C%85%E5%8F%B0%E8%A2%AB%E6%89%A3%E6%8A%BC3%E5%B9%B4%E5%90%8E%E5%A4%B1%E8%B8%AA%EF%BC%9F%E8%AD%A6%E6%96%B9%E9%80%9A%E6%8A%A5&sa=fyb_news&rsv_dl=fyb_news,2026-06-19_03.16
5.0,缅甸总统在上海感叹中国太发达了,6月18日，缅甸总统敏昂莱到访上海临港新片区参观考察，并让随行人员多学习：中国太发达了！ 查看更多>,7427151,热,https://www.baidu.com/s?wd=%E7%BC%85%E7%94%B8%E6%80%BB%E7%BB%9F%E5%9C%A8%E4%B8%8A%E6%B5%B7%E6%84%9F%E5%8F%B9%E4%B8%AD%E5%9B%BD%E5%A4%AA%E5%8F%91%E8%BE%BE%E4%BA%86&sa=fyb_news&rsv_dl=fyb_news,2026-06-19_03.16
6.0,伊朗最高领袖对伊美备忘录持不同意见,查看更多>,7327576,热,https://www.baidu.com/s?wd=%E4%BC%8A%E6%9C%97%E6%9C%80%E9%AB%98%E9%A2%86%E8%A2%96%E5%AF%B9%E4%BC%8A%E7%BE%8E%E5%A4%87%E5%BF%98%E5%BD%95%E6%8C%81%E4%B8%8D%E5%90%8C%E6%84%8F%E8%A7%81&sa=fyb_news&rsv_dl=fyb_news,2026-06-19_03.16
7.0,你支持“咸粽”还是“甜粽”,近日，端午节再度掀起“咸甜粽之争”。有人偏爱咸粽的鲜香满足，也有人坚持甜粽的软糯清甜，不同地域和饮食习惯让口味选择各不相... 查看更多>,7235192,,https://www.baidu.com/s?wd=%E4%BD%A0%E6%94%AF%E6%8C%81%E2%80%9C%E5%92%B8%E7%B2%BD%E2%80%9D%E8%BF%98%E6%98%AF%E2%80%9C%E7%94%9C%E7%B2%BD%E2%80%9D&sa=fyb_news&rsv_dl=fyb_news,2026-06-19_03.16
8.0,周冬雨被曝演话剧不背台词 观众发声,近日，周冬雨、段奕宏、陈明昊主演的话剧《文城》在秦皇岛上演，票价区间为480元至880元，有观众爆料周冬雨演话剧不背台词... 查看更多>,7137474,热,https://www.baidu.com/s?wd=%E5%91%A8%E5%86%AC%E9%9B%A8%E8%A2%AB%E6%9B%9D%E6%BC%94%E8%AF%9D%E5%89%A7%E4%B8%8D%E8%83%8C%E5%8F%B0%E8%AF%8D+%E8%A7%82%E4%BC%97%E5%8F%91%E5%A3%B0&sa=fyb_news&rsv_dl=fyb_news,2026-06-19_03.16
9.0,C罗丢球后问门将：为何不出击,6月18日，美加墨世界杯K组首轮，葡萄牙1比1战平民主刚果。上半场补时阶段球队角球失守后，C罗第一时间走向门将迪奥戈·科... 查看更多>,7040773,热,https://www.baidu.com/s?wd=C%E7%BD%97%E4%B8%A2%E7%90%83%E5%90%8E%E9%97%AE%E9%97%A8%E5%B0%86%EF%BC%9A%E4%B8%BA%E4%BD%95%E4%B8%8D%E5%87%BA%E5%87%BB&sa=fyb_news&rsv_dl=fyb_news,2026-06-19_03.16
10.0,卡塔尔0比6惨败加拿大,北京时间6月19日清晨6点，2026年世界杯B组东道主加拿大vs卡塔尔。这场比赛上演“进球+红牌大战”。最终，以多打少的... 查看更多>,6950521,,https://www.baidu.com/s?wd=%E5%8D%A1%E5%A1%94%E5%B0%940%E6%AF%946%E6%83%A8%E8%B4%A5%E5%8A%A0%E6%8B%BF%E5%A4%A7&sa=fyb_news&rsv_dl=fyb_news,2026-06-19_03.16
11.0,工信部辟谣8家车企被撤销资质,6月18日，针对“8家车企被移出名录、整车生产资质永久失效”的网传消息，工信部回应称相关说法不实。除一汽夏利早年已注销准... 查看更多>,6856329,,https://www.baidu.com/s?wd=%E5%B7%A5%E4%BF%A1%E9%83%A8%E8%BE%9F%E8%B0%A38%E5%AE%B6%E8%BD%A6%E4%BC%81%E8%A2%AB%E6%92%A4%E9%94%80%E8%B5%84%E8%B4%A8&sa=fyb_news&rsv_dl=fyb_news,2026-06-19_03.16
12.0,贾乃亮自曝无戏可拍,查看更多>,6762735,,https://www.baidu.com/s?wd=%E8%B4%BE%E4%B9%83%E4%BA%AE%E8%87%AA%E6%9B%9D%E6%97%A0%E6%88%8F%E5%8F%AF%E6%8B%8D&sa=fyb_news&rsv_dl=fyb_news,2026-06-19_03.16
13.0,男子吃野生菌后报警：家被虫入侵了,6月18日，云南一男子食用野生菌中毒出现幻觉，报警称家里被虫入侵，民警上门带他送医检查。 查看更多>,6660254,新,https://www.baidu.com/s?wd=%E7%94%B7%E5%AD%90%E5%90%83%E9%87%8E%E7%94%9F%E8%8F%8C%E5%90%8E%E6%8A%A5%E8%AD%A6%EF%BC%9A%E5%AE%B6%E8%A2%AB%E8%99%AB%E5%85%A5%E4%BE%B5%E4%BA%86&sa=fyb_news&rsv_dl=fyb_news,2026-06-19_03.16
14.0,加拿大球员重伤 小腿变形,6月19日，世界杯小组赛第二轮：加拿大vs卡塔尔，卡塔尔中场阿西姆·马迪博在一次拼抢中，一脚踢在了加拿大中场伊斯梅尔·科... 查看更多>,6573204,热,https://www.baidu.com/s?wd=%E5%8A%A0%E6%8B%BF%E5%A4%A7%E7%90%83%E5%91%98%E9%87%8D%E4%BC%A4+%E5%B0%8F%E8%85%BF%E5%8F%98%E5%BD%A2&sa=fyb_news&rsv_dl=fyb_news,2026-06-19_03.16
15.0,捷克1-1战平南非,北京时间6月19日凌晨，2026年美加墨世界杯继续进行。在A组第二轮的一场比赛中，捷克队1-1战平南非队。 查看更多>,6475931,,https://www.baidu.com/s?wd=%E6%8D%B7%E5%85%8B1-1%E6%88%98%E5%B9%B3%E5%8D%97%E9%9D%9E&sa=fyb_news&rsv_dl=fyb_news,2026-06-19_03.16
16.0,高考试卷原来是这样打分的,查看更多>,6375344,,https://www.baidu.com/s?wd=%E9%AB%98%E8%80%83%E8%AF%95%E5%8D%B7%E5%8E%9F%E6%9D%A5%E6%98%AF%E8%BF%99%E6%A0%B7%E6%89%93%E5%88%86%E7%9A%84&sa=fyb_news&rsv_dl=fyb_news,2026-06-19_03.16
17.0,未来5年 找工作关注这些行业领域,日前，国务院印发《实施就业优先战略“十五五”规划》。文件提到哪些行业领域，蕴藏哪些就业机会？未来5年，找工作关注哪些行业... 查看更多>,6274457,热,https://www.baidu.com/s?wd=%E6%9C%AA%E6%9D%A55%E5%B9%B4+%E6%89%BE%E5%B7%A5%E4%BD%9C%E5%85%B3%E6%B3%A8%E8%BF%99%E4%BA%9B%E8%A1%8C%E4%B8%9A%E9%A2%86%E5%9F%9F&sa=fyb_news&rsv_dl=fyb_news,2026-06-19_03.16
18.0,民房“一窗6店” 被质疑是幽灵外卖,近日，广东东莞一处民房通过单一窗户同时运营6家外卖店铺，外卖员反映店铺前后门紧闭，餐食仅通过窗口递出，且无法查看后厨情况... 查看更多>,6187340,新,https://www.baidu.com/s?wd=%E6%B0%91%E6%88%BF%E2%80%9C%E4%B8%80%E7%AA%976%E5%BA%97%E2%80%9D+%E8%A2%AB%E8%B4%A8%E7%96%91%E6%98%AF%E5%B9%BD%E7%81%B5%E5%A4%96%E5%8D%96&sa=fyb_news&rsv_dl=fyb_news,2026-06-19_03.16
19.0,这种粽子绳高温蒸煮有毒,市场上有不少品牌的散装粽子，会用尼龙绳或塑料绳捆绑，有的还贴上塑料标签。据了解，化学纤维绳安全性较差，如尼龙绳、涤纶绳、... 查看更多>,6086768,,https://www.baidu.com/s?wd=%E8%BF%99%E7%A7%8D%E7%B2%BD%E5%AD%90%E7%BB%B3%E9%AB%98%E6%B8%A9%E8%92%B8%E7%85%AE%E6%9C%89%E6%AF%92&sa=fyb_news&rsv_dl=fyb_news,2026-06-19_03.16
20.0,替补19分钟双响 最贵天才拯救瑞士,6月19日，世界杯B组第二轮，瑞士4比1击败波黑取得首胜。20岁的曼赞比第71分钟替补登场，在19分钟内完成梅开二度，帮... 查看更多>,6000029,,https://www.baidu.com/s?wd=%E6%9B%BF%E8%A1%A519%E5%88%86%E9%92%9F%E5%8F%8C%E5%93%8D+%E6%9C%80%E8%B4%B5%E5%A4%A9%E6%89%8D%E6%8B%AF%E6%95%91%E7%91%9E%E5%A3%AB&sa=fyb_news&rsv_dl=fyb_news,2026-06-19_03.16
21.0,记者网购7支大牌口红仅1支鉴定为真,近日，武汉一消费者怀疑通过闪购买到假口红，引发关注。记者随后网购7支低价大牌口红进行验证，并送交第三方平台鉴定，结果仅1... 查看更多>,5892286,,https://www.baidu.com/s?wd=%E8%AE%B0%E8%80%85%E7%BD%91%E8%B4%AD7%E6%94%AF%E5%A4%A7%E7%89%8C%E5%8F%A3%E7%BA%A2%E4%BB%851%E6%94%AF%E9%89%B4%E5%AE%9A%E4%B8%BA%E7%9C%9F&sa=fyb_news&rsv_dl=fyb_news,2026-06-19_03.16
22.0,莫斯科遭2年来最大规模无人机袭击,当地时间6月18日，莫斯科遭遇近两年来最大规模无人机袭击，乌克兰无人机击中卡波特尼亚区炼油厂及萨多沃德购物中心，致储油罐... 查看更多>,5802921,,https://www.baidu.com/s?wd=%E8%8E%AB%E6%96%AF%E7%A7%91%E9%81%AD2%E5%B9%B4%E6%9D%A5%E6%9C%80%E5%A4%A7%E8%A7%84%E6%A8%A1%E6%97%A0%E4%BA%BA%E6%9C%BA%E8%A2%AD%E5%87%BB&sa=fyb_news&rsv_dl=fyb_news,2026-06-19_03.16
23.0,2026香港小姐12强出炉 硕士生超半数,6月17日，《2026香港小姐竞选》12强佳丽在将军澳电视城亮相，超半数选手为硕士毕业生，包括袁丝珩、李泽欣等。此前大热... 查看更多>,5697968,,https://www.baidu.com/s?wd=2026%E9%A6%99%E6%B8%AF%E5%B0%8F%E5%A7%9012%E5%BC%BA%E5%87%BA%E7%82%89+%E7%A1%95%E5%A3%AB%E7%94%9F%E8%B6%85%E5%8D%8A%E6%95%B0&sa=fyb_news&rsv_dl=fyb_news,2026-06-19_03.16
24.0,挪威球迷荡起双桨助威动作全网刷屏,挪威队目前正在备战第二轮对阵塞内加尔的小组赛次轮，首轮比赛除了哈兰德的精彩表现之外，挪威球迷“荡起双桨”的助威动作也全网... 查看更多>,5611847,,https://www.baidu.com/s?wd=%E6%8C%AA%E5%A8%81%E7%90%83%E8%BF%B7%E8%8D%A1%E8%B5%B7%E5%8F%8C%E6%A1%A8%E5%8A%A9%E5%A8%81%E5%8A%A8%E4%BD%9C%E5%85%A8%E7%BD%91%E5%88%B7%E5%B1%8F&sa=fyb_news&rsv_dl=fyb_news,2026-06-19_03.16
25.0,美加墨世界杯首位女主裁亮相,北京时间6月19日凌晨，美加墨世界杯A组第二轮比赛，捷克队对阵南非队的比赛在亚特兰大体育场举行。值得关注的是，托莉·彭索... 查看更多>,5525004,,https://www.baidu.com/s?wd=%E7%BE%8E%E5%8A%A0%E5%A2%A8%E4%B8%96%E7%95%8C%E6%9D%AF%E9%A6%96%E4%BD%8D%E5%A5%B3%E4%B8%BB%E8%A3%81%E4%BA%AE%E7%9B%B8&sa=fyb_news&rsv_dl=fyb_news,2026-06-19_03.16
26.0,李佳琦回应纸尿裤被指检出甲酰胺,近日，“好奇”“碧芭宝贝”“Babycare”等多个品牌的婴幼儿纸尿裤中被曝检出毒性物质——甲酰胺。6月18日，李佳琦在... 查看更多>,5415395,,https://www.baidu.com/s?wd=%E6%9D%8E%E4%BD%B3%E7%90%A6%E5%9B%9E%E5%BA%94%E7%BA%B8%E5%B0%BF%E8%A3%A4%E8%A2%AB%E6%8C%87%E6%A3%80%E5%87%BA%E7%94%B2%E9%85%B0%E8%83%BA&sa=fyb_news&rsv_dl=fyb_news,2026-06-19_03.16
27.0,加拿大球员目睹队友受伤吓哭,美加墨世界杯小组赛B组第2轮，加拿大vs卡塔尔。比赛第53分钟，卡塔尔中场阿西姆·马迪博拼抢中对伊斯梅尔·科内犯规，导致... 查看更多>,5313146,新,https://www.baidu.com/s?wd=%E5%8A%A0%E6%8B%BF%E5%A4%A7%E7%90%83%E5%91%98%E7%9B%AE%E7%9D%B9%E9%98%9F%E5%8F%8B%E5%8F%97%E4%BC%A4%E5%90%93%E5%93%AD&sa=fyb_news&rsv_dl=fyb_news,2026-06-19_03.16
28.0,多国强烈谴责以色列定居者袭击行为,当地时间18日，约旦、阿联酋、印度尼西亚、巴基斯坦、土耳其、沙特阿拉伯、卡塔尔和埃及八国发表联合声明，强烈谴责以色列定居... 查看更多>,5224039,,https://www.baidu.com/s?wd=%E5%A4%9A%E5%9B%BD%E5%BC%BA%E7%83%88%E8%B0%B4%E8%B4%A3%E4%BB%A5%E8%89%B2%E5%88%97%E5%AE%9A%E5%B1%85%E8%80%85%E8%A2%AD%E5%87%BB%E8%A1%8C%E4%B8%BA&sa=fyb_news&rsv_dl=fyb_news,2026-06-19_03.16
29.0,60后大爷看00后龙舟男团的腹肌笑了,6月18日，杭州一场龙舟活动中，60后大爷观看00后龙舟男团训练时，因年轻队员的腹肌发出爽朗笑声，展现新老两代龙舟爱好者... 查看更多>,5128892,,https://www.baidu.com/s?wd=60%E5%90%8E%E5%A4%A7%E7%88%B7%E7%9C%8B00%E5%90%8E%E9%BE%99%E8%88%9F%E7%94%B7%E5%9B%A2%E7%9A%84%E8%85%B9%E8%82%8C%E7%AC%91%E4%BA%86&sa=fyb_news&rsv_dl=fyb_news,2026-06-19_03.16
30.0,多名学生违背张桂梅忠告回到大山,多名从云南华坪女子高中毕业的学生违背校长张桂梅“走出大山后不要回来”的忠告，主动返乡担任教师、医生等基层职业。张桂梅从最... 查看更多>,5049198,新,https://www.baidu.com/s?wd=%E5%A4%9A%E5%90%8D%E5%AD%A6%E7%94%9F%E8%BF%9D%E8%83%8C%E5%BC%A0%E6%A1%82%E6%A2%85%E5%BF%A0%E5%91%8A%E5%9B%9E%E5%88%B0%E5%A4%A7%E5%B1%B1&sa=fyb_news&rsv_dl=fyb_news,2026-06-19_03.16
31.0,小组赛首轮后男足世界排名情况,近日，2026美加墨世界杯小组赛第二轮开启。首轮结束后最新世界排名出炉，阿根廷继续领跑，法国反超西班牙升至第二。墨西哥、... 查看更多>,4954513,,https://www.baidu.com/s?wd=%E5%B0%8F%E7%BB%84%E8%B5%9B%E9%A6%96%E8%BD%AE%E5%90%8E%E7%94%B7%E8%B6%B3%E4%B8%96%E7%95%8C%E6%8E%92%E5%90%8D%E6%83%85%E5%86%B5&sa=fyb_news&rsv_dl=fyb_news,2026-06-19_03.16
32.0,韩总统抓空档快步上前与卢拉交流,查看更多>,4858192,,https://www.baidu.com/s?wd=%E9%9F%A9%E6%80%BB%E7%BB%9F%E6%8A%93%E7%A9%BA%E6%A1%A3%E5%BF%AB%E6%AD%A5%E4%B8%8A%E5%89%8D%E4%B8%8E%E5%8D%A2%E6%8B%89%E4%BA%A4%E6%B5%81&sa=fyb_news&rsv_dl=fyb_news,2026-06-19_03.16
33.0,刘建宏：C罗该给葡萄牙打替补,北京时间6月18日，世界杯小组赛首轮，葡萄牙1-1民主刚果，C罗没有进球，表现低迷，前央视名嘴刘建宏用大巴黎举例，认为C... 查看更多>,4738817,,https://www.baidu.com/s?wd=%E5%88%98%E5%BB%BA%E5%AE%8F%EF%BC%9AC%E7%BD%97%E8%AF%A5%E7%BB%99%E8%91%A1%E8%90%84%E7%89%99%E6%89%93%E6%9B%BF%E8%A1%A5&sa=fyb_news&rsv_dl=fyb_news,2026-06-19_03.16
34.0,卖不完的粽子都去哪儿了,每年端午节前后都会有大量粽子上市。许多人心中都有一个疑问：卖不完的粽子最终都去了哪里？记者实地调查发现，有的被转售给早餐... 查看更多>,4657126,,https://www.baidu.com/s?wd=%E5%8D%96%E4%B8%8D%E5%AE%8C%E7%9A%84%E7%B2%BD%E5%AD%90%E9%83%BD%E5%8E%BB%E5%93%AA%E5%84%BF%E4%BA%86&sa=fyb_news&rsv_dl=fyb_news,2026-06-19_03.16
35.0,本届世界杯红牌数已超上届,北京时间2026年6月19日，卡塔尔球员红牌被罚下，本届世界杯的红牌数量已来到5张，超过了2022年卡塔尔世界杯的4张红... 查看更多>,4570955,,https://www.baidu.com/s?wd=%E6%9C%AC%E5%B1%8A%E4%B8%96%E7%95%8C%E6%9D%AF%E7%BA%A2%E7%89%8C%E6%95%B0%E5%B7%B2%E8%B6%85%E4%B8%8A%E5%B1%8A&sa=fyb_news&rsv_dl=fyb_news,2026-06-19_03.16
36.0,老外在世界杯被中国拨浪鼓硬控,近日，美加墨世界杯举行，老外在世界杯被中国拨浪鼓硬控了！ 查看更多>,4455385,,https://www.baidu.com/s?wd=%E8%80%81%E5%A4%96%E5%9C%A8%E4%B8%96%E7%95%8C%E6%9D%AF%E8%A2%AB%E4%B8%AD%E5%9B%BD%E6%8B%A8%E6%B5%AA%E9%BC%93%E7%A1%AC%E6%8E%A7&sa=fyb_news&rsv_dl=fyb_news,2026-06-19_03.16
37.0,韩国门将超级失误,6月19日的世界杯比赛，韩国门将金承奎接球脱手，导致墨西哥队比分领先。詹俊：超级失误！ 查看更多>,4360865,新,https://www.baidu.com/s?wd=%E9%9F%A9%E5%9B%BD%E9%97%A8%E5%B0%86%E8%B6%85%E7%BA%A7%E5%A4%B1%E8%AF%AF&sa=fyb_news&rsv_dl=fyb_news,2026-06-19_03.16
38.0,追觅宣布回归主业,近期，追觅科技完成新一轮核心战略调整，锁定智能家庭、户外庭院、智能出行、具身智能4大核心赛道，对旗下业务体系进行系统性梳... 查看更多>,4264776,,https://www.baidu.com/s?wd=%E8%BF%BD%E8%A7%85%E5%AE%A3%E5%B8%83%E5%9B%9E%E5%BD%92%E4%B8%BB%E4%B8%9A&sa=fyb_news&rsv_dl=fyb_news,2026-06-19_03.16
39.0,《给阿嬷的情书》全球上映大马观众泪目,《给阿嬷的情书》全球上映，大马观众泪目。国内观众看到的是历史，而海外华人看到的是家人走过的一生。中华文化是他们的来时路，... 查看更多>,4175460,新,https://www.baidu.com/s?wd=%E3%80%8A%E7%BB%99%E9%98%BF%E5%AC%B7%E7%9A%84%E6%83%85%E4%B9%A6%E3%80%8B%E5%85%A8%E7%90%83%E4%B8%8A%E6%98%A0%E5%A4%A7%E9%A9%AC%E8%A7%82%E4%BC%97%E6%B3%AA%E7%9B%AE&sa=fyb_news&rsv_dl=fyb_news,2026-06-19_03.16
40.0,#端午放粽民俗有多上头#,查看更多>,4068809,新,https://www.baidu.com/s?wd=%23%E7%AB%AF%E5%8D%88%E6%94%BE%E7%B2%BD%E6%B0%91%E4%BF%97%E6%9C%89%E5%A4%9A%E4%B8%8A%E5%A4%B4%23&sa=fyb_news&rsv_dl=fyb_news,2026-06-19_03.16
41.0,中方回应韩国涉台表态,近日，韩国外交部重申韩中建交联合公报涉台表述，表示承认中华人民共和国政府是中国唯一合法政府，并尊重一个中国立场。中方对此... 查看更多>,3986271,,https://www.baidu.com/s?wd=%E4%B8%AD%E6%96%B9%E5%9B%9E%E5%BA%94%E9%9F%A9%E5%9B%BD%E6%B6%89%E5%8F%B0%E8%A1%A8%E6%80%81&sa=fyb_news&rsv_dl=fyb_news,2026-06-19_03.16
42.0,伊朗：霍尔木兹海峡60天内免费通行,据伊朗伊斯兰共和国通讯社18日报道，伊朗最高国家安全委员会发表声明说，根据伊美谅解备忘录，在未来60天内，申请通过霍尔木... 查看更多>,3891643,,https://www.baidu.com/s?wd=%E4%BC%8A%E6%9C%97%EF%BC%9A%E9%9C%8D%E5%B0%94%E6%9C%A8%E5%85%B9%E6%B5%B7%E5%B3%A160%E5%A4%A9%E5%86%85%E5%85%8D%E8%B4%B9%E9%80%9A%E8%A1%8C&sa=fyb_news&rsv_dl=fyb_news,2026-06-19_03.16
43.0,深圳梧桐山“老虎涧”暴涨成瀑布,近日，深圳梧桐山“老虎涧”因暴雨形成瀑布景观，管理部门封闭入口并警示风险。该未开放区域曾发生多起事故，但仍有游客冒险攀爬... 查看更多>,3796543,,https://www.baidu.com/s?wd=%E6%B7%B1%E5%9C%B3%E6%A2%A7%E6%A1%90%E5%B1%B1%E2%80%9C%E8%80%81%E8%99%8E%E6%B6%A7%E2%80%9D%E6%9A%B4%E6%B6%A8%E6%88%90%E7%80%91%E5%B8%83&sa=fyb_news&rsv_dl=fyb_news,2026-06-19_03.16
44.0,“湛江湾1号”成功首捕,查看更多>,3711814,,https://www.baidu.com/s?wd=%E2%80%9C%E6%B9%9B%E6%B1%9F%E6%B9%BE1%E5%8F%B7%E2%80%9D%E6%88%90%E5%8A%9F%E9%A6%96%E6%8D%95&sa=fyb_news&rsv_dl=fyb_news,2026-06-19_03.16
45.0,粽叶飘香 端午安康,端午节历史悠久，意蕴丰富，是中国四大传统节日之一，亦是中国首个入选联合国教科文组织人类非物质文化遗产代表作名录的节日。赛... 查看更多>,3596644,,https://www.baidu.com/s?wd=%E7%B2%BD%E5%8F%B6%E9%A3%98%E9%A6%99+%E7%AB%AF%E5%8D%88%E5%AE%89%E5%BA%B7&sa=fyb_news&rsv_dl=fyb_news,2026-06-19_03.16
46.0,曼赞比身价1年从75万欧暴涨至5千万欧,北京时间6月19日凌晨，瑞士队在2026年世界杯小组赛第二轮中最后阶段发力，4比1大胜波黑队，拿到本届世界杯的首胜。比赛... 查看更多>,3489435,,https://www.baidu.com/s?wd=%E6%9B%BC%E8%B5%9E%E6%AF%94%E8%BA%AB%E4%BB%B71%E5%B9%B4%E4%BB%8E75%E4%B8%87%E6%AC%A7%E6%9A%B4%E6%B6%A8%E8%87%B35%E5%8D%83%E4%B8%87%E6%AC%A7&sa=fyb_news&rsv_dl=fyb_news,2026-06-19_03.16
47.0,俄方称扎波罗热核电站遭袭,查看更多>,3398922,,https://www.baidu.com/s?wd=%E4%BF%84%E6%96%B9%E7%A7%B0%E6%89%8E%E6%B3%A2%E7%BD%97%E7%83%AD%E6%A0%B8%E7%94%B5%E7%AB%99%E9%81%AD%E8%A2%AD&sa=fyb_news&rsv_dl=fyb_news,2026-06-19_03.16
48.0,2026年新能源汽车下乡将启动,查看更多>,3334481,,https://www.baidu.com/s?wd=2026%E5%B9%B4%E6%96%B0%E8%83%BD%E6%BA%90%E6%B1%BD%E8%BD%A6%E4%B8%8B%E4%B9%A1%E5%B0%86%E5%90%AF%E5%8A%A8&sa=fyb_news&rsv_dl=fyb_news,2026-06-19_03.16
49.0,这届世界杯里的中国元素再升级,世界杯开幕式上两只LABUBU，让中国品牌火了一波。从南非到巴西，从俄罗斯到卡塔尔，每届世界杯的背后从来都不缺中国身影—... 查看更多>,3218789,,https://www.baidu.com/s?wd=%E8%BF%99%E5%B1%8A%E4%B8%96%E7%95%8C%E6%9D%AF%E9%87%8C%E7%9A%84%E4%B8%AD%E5%9B%BD%E5%85%83%E7%B4%A0%E5%86%8D%E5%8D%87%E7%BA%A7&sa=fyb_news&rsv_dl=fyb_news,2026-06-19_03.16
50.0,2026西溪龙舟文化节,作为西溪湿地当之无愧的文化“金名片”，端午龙舟竞渡在此传承不息。本届活动在延续民主党派龙舟赛、国际龙船赛、龙舟胜会等多元... 查看更多>,3146998,新,https://www.baidu.com/s?wd=2026%E8%A5%BF%E6%BA%AA%E9%BE%99%E8%88%9F%E6%96%87%E5%8C%96%E8%8A%82&sa=fyb_news&rsv_dl=fyb_news,2026-06-19_03.16
,家国总关情,家国情怀，始终是端午节不变的底色，时隔千年依然引人共鸣。习近平总书记曾深刻指出：“我们是中华儿女，要了解中华民族历史，秉... 查看更多>,7904126,,https://www.baidu.com/s?wd=%E5%AE%B6%E5%9B%BD%E6%80%BB%E5%85%B3%E6%83%85&sa=fyb_news&rsv_dl=fyb_news,2026-06-18_23.05
1.0,世界杯开赛后最疯狂一战诞生,在北京时间6月19日结束的世界杯B组第2轮1场对决中，最疯狂一战诞生，瑞士4-1完胜波黑，取得首胜。根据统计，这是世界杯... 查看更多>,7809561,热,https://www.baidu.com/s?wd=%E4%B8%96%E7%95%8C%E6%9D%AF%E5%BC%80%E8%B5%9B%E5%90%8E%E6%9C%80%E7%96%AF%E7%8B%82%E4%B8%80%E6%88%98%E8%AF%9E%E7%94%9F&sa=fyb_news&rsv_dl=fyb_news,2026-06-18_23.05
2.0,缅甸总统在上海感叹中国太发达了,6月18日，缅甸总统敏昂莱到访上海临港新片区参观考察，并让随行人员多学习：中国太发达了！ 查看更多>,7713263,新,https://www.baidu.com/s?wd=%E7%BC%85%E7%94%B8%E6%80%BB%E7%BB%9F%E5%9C%A8%E4%B8%8A%E6%B5%B7%E6%84%9F%E5%8F%B9%E4%B8%AD%E5%9B%BD%E5%A4%AA%E5%8F%91%E8%BE%BE%E4%BA%86&sa=fyb_news&rsv_dl=fyb_news,2026-06-18_23.05
3.0,端午节最硬核的“龙舟”竞渡来了,又到一年端午时，一起来看最硬核的“龙舟”竞渡。 查看更多>,7616958,,https://www.baidu.com/s?wd=%E7%AB%AF%E5%8D%88%E8%8A%82%E6%9C%80%E7%A1%AC%E6%A0%B8%E7%9A%84%E2%80%9C%E9%BE%99%E8%88%9F%E2%80%9D%E7%AB%9E%E6%B8%A1%E6%9D%A5%E4%BA%86&sa=fyb_news&rsv_dl=fyb_news,2026-06-18_23.05
4.0,159瓶茅台被扣押3年后失踪？警方通报,6月18日，四川宜宾警方通报“159瓶茅台被扣押3年后失踪”相关情况称，涉案酒品于2023年被依法扣押并完成鉴定，除抽样... 查看更多>,7520827,新,https://www.baidu.com/s?wd=159%E7%93%B6%E8%8C%85%E5%8F%B0%E8%A2%AB%E6%89%A3%E6%8A%BC3%E5%B9%B4%E5%90%8E%E5%A4%B1%E8%B8%AA%EF%BC%9F%E8%AD%A6%E6%96%B9%E9%80%9A%E6%8A%A5&sa=fyb_news&rsv_dl=fyb_news,2026-06-18_23.05
5.0,男子吃野生菌后报警：家被虫入侵了,6月18日，云南一男子食用野生菌中毒出现幻觉，报警称家里被虫入侵，民警上门带他送医检查。 查看更多>,7425541,新,https://www.baidu.com/s?wd=%E7%94%B7%E5%AD%90%E5%90%83%E9%87%8E%E7%94%9F%E8%8F%8C%E5%90%8E%E6%8A%A5%E8%AD%A6%EF%BC%9A%E5%AE%B6%E8%A2%AB%E8%99%AB%E5%85%A5%E4%BE%B5%E4%BA%86&sa=fyb_news&rsv_dl=fyb_news,2026-06-18_23.05
6.0,世界杯：墨西哥vs韩国,北京时间6月19日9:00，世界杯小组赛A组第二轮，墨西哥vs韩国。 查看更多>,7333519,,https://www.baidu.com/s?wd=%E4%B8%96%E7%95%8C%E6%9D%AF%EF%BC%9A%E5%A2%A8%E8%A5%BF%E5%93%A5vs%E9%9F%A9%E5%9B%BD&sa=fyb_news&rsv_dl=fyb_news,2026-06-18_23.05
7.0,粽叶飘香 端午安康,端午节历史悠久，意蕴丰富，是中国四大传统节日之一，亦是中国首个入选联合国教科文组织人类非物质文化遗产代表作名录的节日。赛... 查看更多>,7238810,,https://www.baidu.com/s?wd=%E7%B2%BD%E5%8F%B6%E9%A3%98%E9%A6%99+%E7%AB%AF%E5%8D%88%E5%AE%89%E5%BA%B7&sa=fyb_news&rsv_dl=fyb_news,2026-06-18_23.05
8.0,周冬雨被曝演话剧不背台词 观众发声,近日，周冬雨、段奕宏、陈明昊主演的话剧《文城》在秦皇岛上演，票价区间为480元至880元，有观众爆料周冬雨演话剧不背台词... 查看更多>,7139093,新,https://www.baidu.com/s?wd=%E5%91%A8%E5%86%AC%E9%9B%A8%E8%A2%AB%E6%9B%9D%E6%BC%94%E8%AF%9D%E5%89%A7%E4%B8%8D%E8%83%8C%E5%8F%B0%E8%AF%8D+%E8%A7%82%E4%BC%97%E5%8F%91%E5%A3%B0&sa=fyb_news&rsv_dl=fyb_news,2026-06-18_23.05
9.0,伊朗最高领袖对伊美备忘录持不同意见,查看更多>,7045656,新,https://www.baidu.com/s?wd=%E4%BC%8A%E6%9C%97%E6%9C%80%E9%AB%98%E9%A2%86%E8%A2%96%E5%AF%B9%E4%BC%8A%E7%BE%8E%E5%A4%87%E5%BF%98%E5%BD%95%E6%8C%81%E4%B8%8D%E5%90%8C%E6%84%8F%E8%A7%81&sa=fyb_news&rsv_dl=fyb_news,2026-06-18_23.05
10.0,卡塔尔0比6惨败加拿大,北京时间6月19日清晨6点，2026年世界杯B组东道主加拿大vs卡塔尔。这场比赛上演“进球+红牌大战”。最终，以多打少的... 查看更多>,6953298,,https://www.baidu.com/s?wd=%E5%8D%A1%E5%A1%94%E5%B0%940%E6%AF%946%E6%83%A8%E8%B4%A5%E5%8A%A0%E6%8B%BF%E5%A4%A7&sa=fyb_news&rsv_dl=fyb_news,2026-06-18_23.05
11.0,工信部辟谣8家车企被撤销资质,6月18日，针对“8家车企被移出名录、整车生产资质永久失效”的网传消息，工信部回应称相关说法不实。除一汽夏利早年已注销准... 查看更多>,6849341,,https://www.baidu.com/s?wd=%E5%B7%A5%E4%BF%A1%E9%83%A8%E8%BE%9F%E8%B0%A38%E5%AE%B6%E8%BD%A6%E4%BC%81%E8%A2%AB%E6%92%A4%E9%94%80%E8%B5%84%E8%B4%A8&sa=fyb_news&rsv_dl=fyb_news,2026-06-18_23.05
12.0,C罗丢球后问门将：为何不出击,6月18日，美加墨世界杯K组首轮，葡萄牙1比1战平民主刚果。上半场补时阶段球队角球失守后，C罗第一时间走向门将迪奥戈·科... 查看更多>,6753240,新,https://www.baidu.com/s?wd=C%E7%BD%97%E4%B8%A2%E7%90%83%E5%90%8E%E9%97%AE%E9%97%A8%E5%B0%86%EF%BC%9A%E4%B8%BA%E4%BD%95%E4%B8%8D%E5%87%BA%E5%87%BB&sa=fyb_news&rsv_dl=fyb_news,2026-06-18_23.05
13.0,高考试卷原来是这样打分的,查看更多>,6658588,,https://www.baidu.com/s?wd=%E9%AB%98%E8%80%83%E8%AF%95%E5%8D%B7%E5%8E%9F%E6%9D%A5%E6%98%AF%E8%BF%99%E6%A0%B7%E6%89%93%E5%88%86%E7%9A%84&sa=fyb_news&rsv_dl=fyb_news,2026-06-18_23.05
14.0,你支持“咸粽”还是“甜粽”,近日，端午节再度掀起“咸甜粽之争”。有人偏爱咸粽的鲜香满足，也有人坚持甜粽的软糯清甜，不同地域和饮食习惯让口味选择各不相... 查看更多>,6571116,,https://www.baidu.com/s?wd=%E4%BD%A0%E6%94%AF%E6%8C%81%E2%80%9C%E5%92%B8%E7%B2%BD%E2%80%9D%E8%BF%98%E6%98%AF%E2%80%9C%E7%94%9C%E7%B2%BD%E2%80%9D&sa=fyb_news&rsv_dl=fyb_news,2026-06-18_23.05
15.0,加拿大球员重伤 小腿变形,6月19日，世界杯小组赛第二轮：加拿大vs卡塔尔，卡塔尔中场阿西姆·马迪博在一次拼抢中，一脚踢在了加拿大中场伊斯梅尔·科... 查看更多>,6476777,新,https://www.baidu.com/s?wd=%E5%8A%A0%E6%8B%BF%E5%A4%A7%E7%90%83%E5%91%98%E9%87%8D%E4%BC%A4+%E5%B0%8F%E8%85%BF%E5%8F%98%E5%BD%A2&sa=fyb_news&rsv_dl=fyb_news,2026-06-18_23.05
16.0,贾乃亮自曝无戏可拍,查看更多>,6369377,,https://www.baidu.com/s?wd=%E8%B4%BE%E4%B9%83%E4%BA%AE%E8%87%AA%E6%9B%9D%E6%97%A0%E6%88%8F%E5%8F%AF%E6%8B%8D&sa=fyb_news&rsv_dl=fyb_news,2026-06-18_23.05
17.0,民房“一窗6店” 被质疑是幽灵外卖,近日，广东东莞一处民房通过单一窗户同时运营6家外卖店铺，外卖员反映店铺前后门紧闭，餐食仅通过窗口递出，且无法查看后厨情况... 查看更多>,6274658,新,https://www.baidu.com/s?wd=%E6%B0%91%E6%88%BF%E2%80%9C%E4%B8%80%E7%AA%976%E5%BA%97%E2%80%9D+%E8%A2%AB%E8%B4%A8%E7%96%91%E6%98%AF%E5%B9%BD%E7%81%B5%E5%A4%96%E5%8D%96&sa=fyb_news&rsv_dl=fyb_news,2026-06-18_23.05
18.0,未来5年 找工作关注这些行业领域,日前，国务院印发《实施就业优先战略“十五五”规划》。文件提到哪些行业领域，蕴藏哪些就业机会？未来5年，找工作关注哪些行业... 查看更多>,6183335,热,https://www.baidu.com/s?wd=%E6%9C%AA%E6%9D%A55%E5%B9%B4+%E6%89%BE%E5%B7%A5%E4%BD%9C%E5%85%B3%E6%B3%A8%E8%BF%99%E4%BA%9B%E8%A1%8C%E4%B8%9A%E9%A2%86%E5%9F%9F&sa=fyb_news&rsv_dl=fyb_news,2026-06-18_23.05
19.0,这种粽子绳高温蒸煮有毒,市场上有不少品牌的散装粽子，会用尼龙绳或塑料绳捆绑，有的还贴上塑料标签。据了解，化学纤维绳安全性较差，如尼龙绳、涤纶绳、... 查看更多>,6089819,,https://www.baidu.com/s?wd=%E8%BF%99%E7%A7%8D%E7%B2%BD%E5%AD%90%E7%BB%B3%E9%AB%98%E6%B8%A9%E8%92%B8%E7%85%AE%E6%9C%89%E6%AF%92&sa=fyb_news&rsv_dl=fyb_news,2026-06-18_23.05
20.0,替补19分钟双响 最贵天才拯救瑞士,6月19日，世界杯B组第二轮，瑞士4比1击败波黑取得首胜。20岁的曼赞比第71分钟替补登场，在19分钟内完成梅开二度，帮... 查看更多>,5982946,,https://www.baidu.com/s?wd=%E6%9B%BF%E8%A1%A519%E5%88%86%E9%92%9F%E5%8F%8C%E5%93%8D+%E6%9C%80%E8%B4%B5%E5%A4%A9%E6%89%8D%E6%8B%AF%E6%95%91%E7%91%9E%E5%A3%AB&sa=fyb_news&rsv_dl=fyb_news,2026-06-18_23.05
21.0,记者网购7支大牌口红仅1支鉴定为真,近日，武汉一消费者怀疑通过闪购买到假口红，引发关注。记者随后网购7支低价大牌口红进行验证，并送交第三方平台鉴定，结果仅1... 查看更多>,5889701,,https://www.baidu.com/s?wd=%E8%AE%B0%E8%80%85%E7%BD%91%E8%B4%AD7%E6%94%AF%E5%A4%A7%E7%89%8C%E5%8F%A3%E7%BA%A2%E4%BB%851%E6%94%AF%E9%89%B4%E5%AE%9A%E4%B8%BA%E7%9C%9F&sa=fyb_news&rsv_dl=fyb_news,2026-06-18_23.05
22.0,2026香港小姐12强出炉 硕士生超半数,6月17日，《2026香港小姐竞选》12强佳丽在将军澳电视城亮相，超半数选手为硕士毕业生，包括袁丝珩、李泽欣等。此前大热... 查看更多>,5793385,,https://www.baidu.com/s?wd=2026%E9%A6%99%E6%B8%AF%E5%B0%8F%E5%A7%9012%E5%BC%BA%E5%87%BA%E7%82%89+%E7%A1%95%E5%A3%AB%E7%94%9F%E8%B6%85%E5%8D%8A%E6%95%B0&sa=fyb_news&rsv_dl=fyb_news,2026-06-18_23.05
23.0,莫斯科遭2年来最大规模无人机袭击,当地时间6月18日，莫斯科遭遇近两年来最大规模无人机袭击，乌克兰无人机击中卡波特尼亚区炼油厂及萨多沃德购物中心，致储油罐... 查看更多>,5716214,热,https://www.baidu.com/s?wd=%E8%8E%AB%E6%96%AF%E7%A7%91%E9%81%AD2%E5%B9%B4%E6%9D%A5%E6%9C%80%E5%A4%A7%E8%A7%84%E6%A8%A1%E6%97%A0%E4%BA%BA%E6%9C%BA%E8%A2%AD%E5%87%BB&sa=fyb_news&rsv_dl=fyb_news,2026-06-18_23.05
24.0,挪威球迷荡起双桨助威动作全网刷屏,挪威队目前正在备战第二轮对阵塞内加尔的小组赛次轮，首轮比赛除了哈兰德的精彩表现之外，挪威球迷“荡起双桨”的助威动作也全网... 查看更多>,5601253,,https://www.baidu.com/s?wd=%E6%8C%AA%E5%A8%81%E7%90%83%E8%BF%B7%E8%8D%A1%E8%B5%B7%E5%8F%8C%E6%A1%A8%E5%8A%A9%E5%A8%81%E5%8A%A8%E4%BD%9C%E5%85%A8%E7%BD%91%E5%88%B7%E5%B1%8F&sa=fyb_news&rsv_dl=fyb_news,2026-06-18_23.05
25.0,美加墨世界杯首位女主裁亮相,北京时间6月19日凌晨，美加墨世界杯A组第二轮比赛，捷克队对阵南非队的比赛在亚特兰大体育场举行。值得关注的是，托莉·彭索... 查看更多>,5507107,,https://www.baidu.com/s?wd=%E7%BE%8E%E5%8A%A0%E5%A2%A8%E4%B8%96%E7%95%8C%E6%9D%AF%E9%A6%96%E4%BD%8D%E5%A5%B3%E4%B8%BB%E8%A3%81%E4%BA%AE%E7%9B%B8&sa=fyb_news&rsv_dl=fyb_news,2026-06-18_23.05
26.0,加拿大球员目睹队友受伤吓哭,美加墨世界杯小组赛B组第2轮，加拿大vs卡塔尔。比赛第53分钟，卡塔尔中场阿西姆·马迪博拼抢中对伊斯梅尔·科内犯规，导致... 查看更多>,5432080,,https://www.baidu.com/s?wd=%E5%8A%A0%E6%8B%BF%E5%A4%A7%E7%90%83%E5%91%98%E7%9B%AE%E7%9D%B9%E9%98%9F%E5%8F%8B%E5%8F%97%E4%BC%A4%E5%90%93%E5%93%AD&sa=fyb_news&rsv_dl=fyb_news,2026-06-18_23.05
27.0,李佳琦回应纸尿裤被指检出甲酰胺,近日，“好奇”“碧芭宝贝”“Babycare”等多个品牌的婴幼儿纸尿裤中被曝检出毒性物质——甲酰胺。6月18日，李佳琦在... 查看更多>,5335826,,https://www.baidu.com/s?wd=%E6%9D%8E%E4%BD%B3%E7%90%A6%E5%9B%9E%E5%BA%94%E7%BA%B8%E5%B0%BF%E8%A3%A4%E8%A2%AB%E6%8C%87%E6%A3%80%E5%87%BA%E7%94%B2%E9%85%B0%E8%83%BA&sa=fyb_news&rsv_dl=fyb_news,2026-06-18_23.05
28.0,韩总统抓空档快步上前与卢拉交流,查看更多>,5233693,,https://www.baidu.com/s?wd=%E9%9F%A9%E6%80%BB%E7%BB%9F%E6%8A%93%E7%A9%BA%E6%A1%A3%E5%BF%AB%E6%AD%A5%E4%B8%8A%E5%89%8D%E4%B8%8E%E5%8D%A2%E6%8B%89%E4%BA%A4%E6%B5%81&sa=fyb_news&rsv_dl=fyb_news,2026-06-18_23.05
29.0,卖不完的粽子都去哪儿了,每年端午节前后都会有大量粽子上市。许多人心中都有一个疑问：卖不完的粽子最终都去了哪里？记者实地调查发现，有的被转售给早餐... 查看更多>,5121672,,https://www.baidu.com/s?wd=%E5%8D%96%E4%B8%8D%E5%AE%8C%E7%9A%84%E7%B2%BD%E5%AD%90%E9%83%BD%E5%8E%BB%E5%93%AA%E5%84%BF%E4%BA%86&sa=fyb_news&rsv_dl=fyb_news,2026-06-18_23.05
30.0,伊朗：霍尔木兹海峡60天内免费通行,据伊朗伊斯兰共和国通讯社18日报道，伊朗最高国家安全委员会发表声明说，根据伊美谅解备忘录，在未来60天内，申请通过霍尔木... 查看更多>,5032160,,https://www.baidu.com/s?wd=%E4%BC%8A%E6%9C%97%EF%BC%9A%E9%9C%8D%E5%B0%94%E6%9C%A8%E5%85%B9%E6%B5%B7%E5%B3%A160%E5%A4%A9%E5%86%85%E5%85%8D%E8%B4%B9%E9%80%9A%E8%A1%8C&sa=fyb_news&rsv_dl=fyb_news,2026-06-18_23.05
31.0,小组赛首轮后男足世界排名情况,近日，2026美加墨世界杯小组赛第二轮开启。首轮结束后最新世界排名出炉，阿根廷继续领跑，法国反超西班牙升至第二。墨西哥、... 查看更多>,4938649,,https://www.baidu.com/s?wd=%E5%B0%8F%E7%BB%84%E8%B5%9B%E9%A6%96%E8%BD%AE%E5%90%8E%E7%94%B7%E8%B6%B3%E4%B8%96%E7%95%8C%E6%8E%92%E5%90%8D%E6%83%85%E5%86%B5&sa=fyb_news&rsv_dl=fyb_news,2026-06-18_23.05
32.0,老外在世界杯被中国拨浪鼓硬控,近日，美加墨世界杯举行，老外在世界杯被中国拨浪鼓硬控了！ 查看更多>,4845353,,https://www.baidu.com/s?wd=%E8%80%81%E5%A4%96%E5%9C%A8%E4%B8%96%E7%95%8C%E6%9D%AF%E8%A2%AB%E4%B8%AD%E5%9B%BD%E6%8B%A8%E6%B5%AA%E9%BC%93%E7%A1%AC%E6%8E%A7&sa=fyb_news&rsv_dl=fyb_news,2026-06-18_23.05
33.0,刘建宏：C罗该给葡萄牙打替补,北京时间6月18日，世界杯小组赛首轮，葡萄牙1-1民主刚果，C罗没有进球，表现低迷，前央视名嘴刘建宏用大巴黎举例，认为C... 查看更多>,4744952,,https://www.baidu.com/s?wd=%E5%88%98%E5%BB%BA%E5%AE%8F%EF%BC%9AC%E7%BD%97%E8%AF%A5%E7%BB%99%E8%91%A1%E8%90%84%E7%89%99%E6%89%93%E6%9B%BF%E8%A1%A5&sa=fyb_news&rsv_dl=fyb_news,2026-06-18_23.05
34.0,韩国门将超级失误,6月19日的世界杯比赛，韩国门将金承奎接球脱手，导致墨西哥队比分领先。詹俊：超级失误！ 查看更多>,4655116,,https://www.baidu.com/s?wd=%E9%9F%A9%E5%9B%BD%E9%97%A8%E5%B0%86%E8%B6%85%E7%BA%A7%E5%A4%B1%E8%AF%AF&sa=fyb_news&rsv_dl=fyb_news,2026-06-18_23.05
35.0,本届世界杯红牌数已超上届,北京时间2026年6月19日，卡塔尔球员红牌被罚下，本届世界杯的红牌数量已来到5张，超过了2022年卡塔尔世界杯的4张红... 查看更多>,4558528,,https://www.baidu.com/s?wd=%E6%9C%AC%E5%B1%8A%E4%B8%96%E7%95%8C%E6%9D%AF%E7%BA%A2%E7%89%8C%E6%95%B0%E5%B7%B2%E8%B6%85%E4%B8%8A%E5%B1%8A&sa=fyb_news&rsv_dl=fyb_news,2026-06-18_23.05
36.0,60后大爷看00后龙舟男团的腹肌笑了,6月18日，杭州一场龙舟活动中，60后大爷观看00后龙舟男团训练时，因年轻队员的腹肌发出爽朗笑声，展现新老两代龙舟爱好者... 查看更多>,4479736,,https://www.baidu.com/s?wd=60%E5%90%8E%E5%A4%A7%E7%88%B7%E7%9C%8B00%E5%90%8E%E9%BE%99%E8%88%9F%E7%94%B7%E5%9B%A2%E7%9A%84%E8%85%B9%E8%82%8C%E7%AC%91%E4%BA%86&sa=fyb_news&rsv_dl=fyb_news,2026-06-18_23.05
37.0,追觅宣布回归主业,近期，追觅科技完成新一轮核心战略调整，锁定智能家庭、户外庭院、智能出行、具身智能4大核心赛道，对旗下业务体系进行系统性梳... 查看更多>,4371409,,https://www.baidu.com/s?wd=%E8%BF%BD%E8%A7%85%E5%AE%A3%E5%B8%83%E5%9B%9E%E5%BD%92%E4%B8%BB%E4%B8%9A&sa=fyb_news&rsv_dl=fyb_news,2026-06-18_23.05
38.0,多国强烈谴责以色列定居者袭击行为,当地时间18日，约旦、阿联酋、印度尼西亚、巴基斯坦、土耳其、沙特阿拉伯、卡塔尔和埃及八国发表联合声明，强烈谴责以色列定居... 查看更多>,4282261,,https://www.baidu.com/s?wd=%E5%A4%9A%E5%9B%BD%E5%BC%BA%E7%83%88%E8%B0%B4%E8%B4%A3%E4%BB%A5%E8%89%B2%E5%88%97%E5%AE%9A%E5%B1%85%E8%80%85%E8%A2%AD%E5%87%BB%E8%A1%8C%E4%B8%BA&sa=fyb_news&rsv_dl=fyb_news,2026-06-18_23.05
39.0,多名学生违背张桂梅忠告回到大山,多名从云南华坪女子高中毕业的学生违背校长张桂梅“走出大山后不要回来”的忠告，主动返乡担任教师、医生等基层职业。张桂梅从最... 查看更多>,4189110,新,https://www.baidu.com/s?wd=%E5%A4%9A%E5%90%8D%E5%AD%A6%E7%94%9F%E8%BF%9D%E8%83%8C%E5%BC%A0%E6%A1%82%E6%A2%85%E5%BF%A0%E5%91%8A%E5%9B%9E%E5%88%B0%E5%A4%A7%E5%B1%B1&sa=fyb_news&rsv_dl=fyb_news,2026-06-18_23.05
40.0,#端午放粽民俗有多上头#,查看更多>,4073268,新,https://www.baidu.com/s?wd=%23%E7%AB%AF%E5%8D%88%E6%94%BE%E7%B2%BD%E6%B0%91%E4%BF%97%E6%9C%89%E5%A4%9A%E4%B8%8A%E5%A4%B4%23&sa=fyb_news&rsv_dl=fyb_news,2026-06-18_23.05
41.0,《给阿嬷的情书》全球上映大马观众泪目,《给阿嬷的情书》全球上映，大马观众泪目。国内观众看到的是历史，而海外华人看到的是家人走过的一生。中华文化是他们的来时路，... 查看更多>,3964813,,https://www.baidu.com/s?wd=%E3%80%8A%E7%BB%99%E9%98%BF%E5%AC%B7%E7%9A%84%E6%83%85%E4%B9%A6%E3%80%8B%E5%85%A8%E7%90%83%E4%B8%8A%E6%98%A0%E5%A4%A7%E9%A9%AC%E8%A7%82%E4%BC%97%E6%B3%AA%E7%9B%AE&sa=fyb_news&rsv_dl=fyb_news,2026-06-18_23.05
42.0,深圳梧桐山“老虎涧”暴涨成瀑布,近日，深圳梧桐山“老虎涧”因暴雨形成瀑布景观，管理部门封闭入口并警示风险。该未开放区域曾发生多起事故，但仍有游客冒险攀爬... 查看更多>,3895981,,https://www.baidu.com/s?wd=%E6%B7%B1%E5%9C%B3%E6%A2%A7%E6%A1%90%E5%B1%B1%E2%80%9C%E8%80%81%E8%99%8E%E6%B6%A7%E2%80%9D%E6%9A%B4%E6%B6%A8%E6%88%90%E7%80%91%E5%B8%83&sa=fyb_news&rsv_dl=fyb_news,2026-06-18_23.05
43.0,曼赞比身价1年从75万欧暴涨至5千万欧,北京时间6月19日凌晨，瑞士队在2026年世界杯小组赛第二轮中最后阶段发力，4比1大胜波黑队，拿到本届世界杯的首胜。比赛... 查看更多>,3775335,,https://www.baidu.com/s?wd=%E6%9B%BC%E8%B5%9E%E6%AF%94%E8%BA%AB%E4%BB%B71%E5%B9%B4%E4%BB%8E75%E4%B8%87%E6%AC%A7%E6%9A%B4%E6%B6%A8%E8%87%B35%E5%8D%83%E4%B8%87%E6%AC%A7&sa=fyb_news&rsv_dl=fyb_news,2026-06-18_23.05
44.0,“湛江湾1号”成功首捕,查看更多>,3677869,,https://www.baidu.com/s?wd=%E2%80%9C%E6%B9%9B%E6%B1%9F%E6%B9%BE1%E5%8F%B7%E2%80%9D%E6%88%90%E5%8A%9F%E9%A6%96%E6%8D%95&sa=fyb_news&rsv_dl=fyb_news,2026-06-18_23.05
45.0,专家：女性更年期别再“硬扛”,北京协和医院妇科内分泌与生殖医学中心副主任、主任医师陈蓉教授结合我国人口结构变化与临床现状指出，随着人均寿命提升与健康意... 查看更多>,3589686,,https://www.baidu.com/s?wd=%E4%B8%93%E5%AE%B6%EF%BC%9A%E5%A5%B3%E6%80%A7%E6%9B%B4%E5%B9%B4%E6%9C%9F%E5%88%AB%E5%86%8D%E2%80%9C%E7%A1%AC%E6%89%9B%E2%80%9D&sa=fyb_news&rsv_dl=fyb_news,2026-06-18_23.05
46.0,俄方称扎波罗热核电站遭袭,查看更多>,3506067,,https://www.baidu.com/s?wd=%E4%BF%84%E6%96%B9%E7%A7%B0%E6%89%8E%E6%B3%A2%E7%BD%97%E7%83%AD%E6%A0%B8%E7%94%B5%E7%AB%99%E9%81%AD%E8%A2%AD&sa=fyb_news&rsv_dl=fyb_news,2026-06-18_23.05
47.0,2026年新能源汽车下乡将启动,查看更多>,3432730,,https://www.baidu.com/s?wd=2026%E5%B9%B4%E6%96%B0%E8%83%BD%E6%BA%90%E6%B1%BD%E8%BD%A6%E4%B8%8B%E4%B9%A1%E5%B0%86%E5%90%AF%E5%8A%A8&sa=fyb_news&rsv_dl=fyb_news,2026-06-18_23.05
48.0,这届世界杯里的中国元素再升级,世界杯开幕式上两只LABUBU，让中国品牌火了一波。从南非到巴西，从俄罗斯到卡塔尔，每届世界杯的背后从来都不缺中国身影—... 查看更多>,3302499,,https://www.baidu.com/s?wd=%E8%BF%99%E5%B1%8A%E4%B8%96%E7%95%8C%E6%9D%AF%E9%87%8C%E7%9A%84%E4%B8%AD%E5%9B%BD%E5%85%83%E7%B4%A0%E5%86%8D%E5%8D%87%E7%BA%A7&sa=fyb_news&rsv_dl=fyb_news,2026-06-18_23.05
49.0,中方回应韩国涉台表态,近日，韩国外交部重申韩中建交联合公报涉台表述，表示承认中华人民共和国政府是中国唯一合法政府，并尊重一个中国立场。中方对此... 查看更多>,3226978,,https://www.baidu.com/s?wd=%E4%B8%AD%E6%96%B9%E5%9B%9E%E5%BA%94%E9%9F%A9%E5%9B%BD%E6%B6%89%E5%8F%B0%E8%A1%A8%E6%80%81&sa=fyb_news&rsv_dl=fyb_news,2026-06-18_23.05
50.0,2026西溪龙舟文化节,作为西溪湿地当之无愧的文化“金名片”，端午龙舟竞渡在此传承不息。本届活动在延续民主党派龙舟赛、国际龙船赛、龙舟胜会等多元... 查看更多>,3133813,,https://www.baidu.com/s?wd=2026%E8%A5%BF%E6%BA%AA%E9%BE%99%E8%88%9F%E6%96%87%E5%8C%96%E8%8A%82&sa=fyb_news&rsv_dl=fyb_news,2026-06-18_23.05
,永远的“四大队”,在中国共产党成立105周年之际，习近平总书记在给新华社102岁老党员张连生回信中表示：“您在信中说，要永远跟党走，做永远... 查看更多>,7904844,,https://www.baidu.com/s?wd=%E6%B0%B8%E8%BF%9C%E7%9A%84%E2%80%9C%E5%9B%9B%E5%A4%A7%E9%98%9F%E2%80%9D&sa=fyb_news&rsv_dl=fyb_news,2026-06-18_22.48
1.0,世界杯开赛后最疯狂一战诞生,在北京时间6月19日结束的世界杯B组第2轮1场对决中，最疯狂一战诞生，瑞士4-1完胜波黑，取得首胜。根据统计，这是世界杯... 查看更多>,7809639,热,https://www.baidu.com/s?wd=%E4%B8%96%E7%95%8C%E6%9D%AF%E5%BC%80%E8%B5%9B%E5%90%8E%E6%9C%80%E7%96%AF%E7%8B%82%E4%B8%80%E6%88%98%E8%AF%9E%E7%94%9F&sa=fyb_news&rsv_dl=fyb_news,2026-06-18_22.48
2.0,缅甸总统在上海感叹中国太发达了,6月18日，缅甸总统敏昂莱到访上海临港新片区参观考察，并让随行人员多学习：中国太发达了！ 查看更多>,7714018,新,https://www.baidu.com/s?wd=%E7%BC%85%E7%94%B8%E6%80%BB%E7%BB%9F%E5%9C%A8%E4%B8%8A%E6%B5%B7%E6%84%9F%E5%8F%B9%E4%B8%AD%E5%9B%BD%E5%A4%AA%E5%8F%91%E8%BE%BE%E4%BA%86&sa=fyb_news&rsv_dl=fyb_news,2026-06-18_22.48
3.0,让AI走进千家万户,6月18日，商务部等八部门发布《关于加快“人工智能+消费”发展的实施意见》，围绕提升人工智能+商品消费、扩大人工智能+服... 查看更多>,7616494,,https://www.baidu.com/s?wd=%E8%AE%A9AI%E8%B5%B0%E8%BF%9B%E5%8D%83%E5%AE%B6%E4%B8%87%E6%88%B7&sa=fyb_news&rsv_dl=fyb_news,2026-06-18_22.48
4.0,民房“一窗6店” 被质疑是幽灵外卖,近日，广东东莞一处民房通过单一窗户同时运营6家外卖店铺，外卖员反映店铺前后门紧闭，餐食仅通过窗口递出，且无法查看后厨情况... 查看更多>,7523476,新,https://www.baidu.com/s?wd=%E6%B0%91%E6%88%BF%E2%80%9C%E4%B8%80%E7%AA%976%E5%BA%97%E2%80%9D+%E8%A2%AB%E8%B4%A8%E7%96%91%E6%98%AF%E5%B9%BD%E7%81%B5%E5%A4%96%E5%8D%96&sa=fyb_news&rsv_dl=fyb_news,2026-06-18_22.48
5.0,#京彩中国节#,查看更多>,7429047,,https://www.baidu.com/s?wd=%23%E4%BA%AC%E5%BD%A9%E4%B8%AD%E5%9B%BD%E8%8A%82%23&sa=fyb_news&rsv_dl=fyb_news,2026-06-18_22.48
6.0,C罗丢球后问门将：为何不出击,6月18日，美加墨世界杯K组首轮，葡萄牙1比1战平民主刚果。上半场补时阶段球队角球失守后，C罗第一时间走向门将迪奥戈·科... 查看更多>,7327864,新,https://www.baidu.com/s?wd=C%E7%BD%97%E4%B8%A2%E7%90%83%E5%90%8E%E9%97%AE%E9%97%A8%E5%B0%86%EF%BC%9A%E4%B8%BA%E4%BD%95%E4%B8%8D%E5%87%BA%E5%87%BB&sa=fyb_news&rsv_dl=fyb_news,2026-06-18_22.48
7.0,粽叶飘香 端午安康,端午节历史悠久，意蕴丰富，是中国四大传统节日之一，亦是中国首个入选联合国教科文组织人类非物质文化遗产代表作名录的节日。赛... 查看更多>,7232463,,https://www.baidu.com/s?wd=%E7%B2%BD%E5%8F%B6%E9%A3%98%E9%A6%99+%E7%AB%AF%E5%8D%88%E5%AE%89%E5%BA%B7&sa=fyb_news&rsv_dl=fyb_news,2026-06-18_22.48
8.0,周冬雨被曝演话剧不背台词 观众发声,近日，周冬雨、段奕宏、陈明昊主演的话剧《文城》在秦皇岛上演，票价区间为480元至880元，有观众爆料周冬雨演话剧不背台词... 查看更多>,7137243,,https://www.baidu.com/s?wd=%E5%91%A8%E5%86%AC%E9%9B%A8%E8%A2%AB%E6%9B%9D%E6%BC%94%E8%AF%9D%E5%89%A7%E4%B8%8D%E8%83%8C%E5%8F%B0%E8%AF%8D+%E8%A7%82%E4%BC%97%E5%8F%91%E5%A3%B0&sa=fyb_news&rsv_dl=fyb_news,2026-06-18_22.48
9.0,伊朗最高领袖对伊美备忘录持不同意见,查看更多>,7042156,新,https://www.baidu.com/s?wd=%E4%BC%8A%E6%9C%97%E6%9C%80%E9%AB%98%E9%A2%86%E8%A2%96%E5%AF%B9%E4%BC%8A%E7%BE%8E%E5%A4%87%E5%BF%98%E5%BD%95%E6%8C%81%E4%B8%8D%E5%90%8C%E6%84%8F%E8%A7%81&sa=fyb_news&rsv_dl=fyb_news,2026-06-18_22.48
10.0,卡塔尔0比6惨败加拿大,北京时间6月19日清晨6点，2026年世界杯B组东道主加拿大vs卡塔尔。这场比赛上演“进球+红牌大战”。最终，以多打少的... 查看更多>,6944348,,https://www.baidu.com/s?wd=%E5%8D%A1%E5%A1%94%E5%B0%940%E6%AF%946%E6%83%A8%E8%B4%A5%E5%8A%A0%E6%8B%BF%E5%A4%A7&sa=fyb_news&rsv_dl=fyb_news,2026-06-18_22.48
11.0,“福建顺昌遭严重暴雨灾情”不实,近日，网传“福建顺昌暴雨灾情紧急”不实。当日当地仅降雨5.2毫米，视频系拼接杜撰，警方正追查造谣者。 查看更多>,6857656,,https://www.baidu.com/s?wd=%E2%80%9C%E7%A6%8F%E5%BB%BA%E9%A1%BA%E6%98%8C%E9%81%AD%E4%B8%A5%E9%87%8D%E6%9A%B4%E9%9B%A8%E7%81%BE%E6%83%85%E2%80%9D%E4%B8%8D%E5%AE%9E&sa=fyb_news&rsv_dl=fyb_news,2026-06-18_22.48
12.0,高考试卷原来是这样打分的,近日，全国多地高考评卷工作陆续展开。面对考生和家长关注的分数如何产生、评卷老师从何而来等问题，评卷现场对阅卷流程进行了展... 查看更多>,6761325,,https://www.baidu.com/s?wd=%E9%AB%98%E8%80%83%E8%AF%95%E5%8D%B7%E5%8E%9F%E6%9D%A5%E6%98%AF%E8%BF%99%E6%A0%B7%E6%89%93%E5%88%86%E7%9A%84&sa=fyb_news&rsv_dl=fyb_news,2026-06-18_22.48
13.0,世界杯：墨西哥vs韩国,北京时间6月19日9:00，世界杯小组赛A组第二轮，墨西哥vs韩国。 查看更多>,6657377,,https://www.baidu.com/s?wd=%E4%B8%96%E7%95%8C%E6%9D%AF%EF%BC%9A%E5%A2%A8%E8%A5%BF%E5%93%A5vs%E9%9F%A9%E5%9B%BD&sa=fyb_news&rsv_dl=fyb_news,2026-06-18_22.48
14.0,你支持“咸粽”还是“甜粽”,近日，端午节再度掀起“咸甜粽之争”。有人偏爱咸粽的鲜香满足，也有人坚持甜粽的软糯清甜，不同地域和饮食习惯让口味选择各不相... 查看更多>,6562393,新,https://www.baidu.com/s?wd=%E4%BD%A0%E6%94%AF%E6%8C%81%E2%80%9C%E5%92%B8%E7%B2%BD%E2%80%9D%E8%BF%98%E6%98%AF%E2%80%9C%E7%94%9C%E7%B2%BD%E2%80%9D&sa=fyb_news&rsv_dl=fyb_news,2026-06-18_22.48
15.0,加拿大球员重伤 小腿变形,6月19日，世界杯小组赛第二轮：加拿大vs卡塔尔，卡塔尔中场阿西姆·马迪博在一次拼抢中，一脚踢在了加拿大中场伊斯梅尔·科... 查看更多>,6473324,新,https://www.baidu.com/s?wd=%E5%8A%A0%E6%8B%BF%E5%A4%A7%E7%90%83%E5%91%98%E9%87%8D%E4%BC%A4+%E5%B0%8F%E8%85%BF%E5%8F%98%E5%BD%A2&sa=fyb_news&rsv_dl=fyb_news,2026-06-18_22.48
16.0,159瓶茅台被扣押3年后失踪？警方通报,6月18日，四川宜宾警方通报“159瓶茅台被扣押3年后失踪”相关情况称，涉案酒品于2023年被依法扣押并完成鉴定，除抽样... 查看更多>,6373466,,https://www.baidu.com/s?wd=159%E7%93%B6%E8%8C%85%E5%8F%B0%E8%A2%AB%E6%89%A3%E6%8A%BC3%E5%B9%B4%E5%90%8E%E5%A4%B1%E8%B8%AA%EF%BC%9F%E8%AD%A6%E6%96%B9%E9%80%9A%E6%8A%A5&sa=fyb_news&rsv_dl=fyb_news,2026-06-18_22.48
17.0,专家：女性更年期别再“硬扛”,北京协和医院妇科内分泌与生殖医学中心副主任、主任医师陈蓉教授结合我国人口结构变化与临床现状指出，随着人均寿命提升与健康意... 查看更多>,6273732,,https://www.baidu.com/s?wd=%E4%B8%93%E5%AE%B6%EF%BC%9A%E5%A5%B3%E6%80%A7%E6%9B%B4%E5%B9%B4%E6%9C%9F%E5%88%AB%E5%86%8D%E2%80%9C%E7%A1%AC%E6%89%9B%E2%80%9D&sa=fyb_news&rsv_dl=fyb_news,2026-06-18_22.48
18.0,未来5年 找工作关注这些行业领域,日前，国务院印发《实施就业优先战略“十五五”规划》。文件提到哪些行业领域，蕴藏哪些就业机会？未来5年，找工作关注哪些行业... 查看更多>,6177698,热,https://www.baidu.com/s?wd=%E6%9C%AA%E6%9D%A55%E5%B9%B4+%E6%89%BE%E5%B7%A5%E4%BD%9C%E5%85%B3%E6%B3%A8%E8%BF%99%E4%BA%9B%E8%A1%8C%E4%B8%9A%E9%A2%86%E5%9F%9F&sa=fyb_news&rsv_dl=fyb_news,2026-06-18_22.48
19.0,记者网购7支大牌口红仅1支鉴定为真,查看更多>,6097093,,https://www.baidu.com/s?wd=%E8%AE%B0%E8%80%85%E7%BD%91%E8%B4%AD7%E6%94%AF%E5%A4%A7%E7%89%8C%E5%8F%A3%E7%BA%A2%E4%BB%851%E6%94%AF%E9%89%B4%E5%AE%9A%E4%B8%BA%E7%9C%9F&sa=fyb_news&rsv_dl=fyb_news,2026-06-18_22.48
20.0,替补19分钟双响 最贵天才拯救瑞士,6月19日，世界杯B组第二轮，瑞士4比1击败波黑取得首胜。20岁的曼赞比第71分钟替补登场，在19分钟内完成梅开二度，帮... 查看更多>,5984675,,https://www.baidu.com/s?wd=%E6%9B%BF%E8%A1%A519%E5%88%86%E9%92%9F%E5%8F%8C%E5%93%8D+%E6%9C%80%E8%B4%B5%E5%A4%A9%E6%89%8D%E6%8B%AF%E6%95%91%E7%91%9E%E5%A3%AB&sa=fyb_news&rsv_dl=fyb_news,2026-06-18_22.48
21.0,2026香港小姐12强出炉 硕士生超半数,6月17日，《2026香港小姐竞选》12强佳丽在将军澳电视城亮相，超半数选手为硕士毕业生，包括袁丝珩、李泽欣等。此前大热... 查看更多>,5901711,,https://www.baidu.com/s?wd=2026%E9%A6%99%E6%B8%AF%E5%B0%8F%E5%A7%9012%E5%BC%BA%E5%87%BA%E7%82%89+%E7%A1%95%E5%A3%AB%E7%94%9F%E8%B6%85%E5%8D%8A%E6%95%B0&sa=fyb_news&rsv_dl=fyb_news,2026-06-18_22.48
22.0,挪威球迷荡起双桨助威动作全网刷屏,挪威队目前正在备战第二轮对阵塞内加尔的小组赛次轮，首轮比赛除了哈兰德的精彩表现之外，挪威球迷“荡起双桨”的助威动作也全网... 查看更多>,5812485,,https://www.baidu.com/s?wd=%E6%8C%AA%E5%A8%81%E7%90%83%E8%BF%B7%E8%8D%A1%E8%B5%B7%E5%8F%8C%E6%A1%A8%E5%8A%A9%E5%A8%81%E5%8A%A8%E4%BD%9C%E5%85%A8%E7%BD%91%E5%88%B7%E5%B1%8F&sa=fyb_news&rsv_dl=fyb_news,2026-06-18_22.48
23.0,一个粽子热量顶两碗米饭,一个粽子的热量就能顶两碗米饭，专家介绍健康吃粽要点：一、当主食，别当点心；二、趁热吃，再配点菜；三、早午吃，选对时间。 查看更多>,5695494,热,https://www.baidu.com/s?wd=%E4%B8%80%E4%B8%AA%E7%B2%BD%E5%AD%90%E7%83%AD%E9%87%8F%E9%A1%B6%E4%B8%A4%E7%A2%97%E7%B1%B3%E9%A5%AD&sa=fyb_news&rsv_dl=fyb_news,2026-06-18_22.48
24.0,当利率“1字头” 我们的钱该放哪,5年前，北京市民吴女士将200万元存入股份制银行定期存款，当时的存款利率可达4%。但随后存款利率一路下降，如今存款利率普... 查看更多>,5599051,热,https://www.baidu.com/s?wd=%E5%BD%93%E5%88%A9%E7%8E%87%E2%80%9C1%E5%AD%97%E5%A4%B4%E2%80%9D+%E6%88%91%E4%BB%AC%E7%9A%84%E9%92%B1%E8%AF%A5%E6%94%BE%E5%93%AA&sa=fyb_news&rsv_dl=fyb_news,2026-06-18_22.48
25.0,美加墨世界杯首位女主裁亮相,北京时间6月19日凌晨，美加墨世界杯A组第二轮比赛，捷克队对阵南非队的比赛在亚特兰大体育场举行。值得关注的是，托莉·彭索... 查看更多>,5524280,,https://www.baidu.com/s?wd=%E7%BE%8E%E5%8A%A0%E5%A2%A8%E4%B8%96%E7%95%8C%E6%9D%AF%E9%A6%96%E4%BD%8D%E5%A5%B3%E4%B8%BB%E8%A3%81%E4%BA%AE%E7%9B%B8&sa=fyb_news&rsv_dl=fyb_news,2026-06-18_22.48
26.0,男子吃野生菌后报警：家被虫入侵了,6月18日，云南一男子食用野生菌中毒出现幻觉，报警称家里被虫入侵，民警上门带他送医检查。 查看更多>,5421447,,https://www.baidu.com/s?wd=%E7%94%B7%E5%AD%90%E5%90%83%E9%87%8E%E7%94%9F%E8%8F%8C%E5%90%8E%E6%8A%A5%E8%AD%A6%EF%BC%9A%E5%AE%B6%E8%A2%AB%E8%99%AB%E5%85%A5%E4%BE%B5%E4%BA%86&sa=fyb_news&rsv_dl=fyb_news,2026-06-18_22.48
27.0,这种粽子绳高温蒸煮有毒,市场上有不少品牌的散装粽子，会用尼龙绳或塑料绳捆绑，有的还贴上塑料标签。据了解，化学纤维绳安全性较差，如尼龙绳、涤纶绳、... 查看更多>,5322708,新,https://www.baidu.com/s?wd=%E8%BF%99%E7%A7%8D%E7%B2%BD%E5%AD%90%E7%BB%B3%E9%AB%98%E6%B8%A9%E8%92%B8%E7%85%AE%E6%9C%89%E6%AF%92&sa=fyb_news&rsv_dl=fyb_news,2026-06-18_22.48
28.0,屈原其实不姓屈,你知道吗？屈原其实不姓屈！《史记・屈原贾生列传》记载，屈原“与楚同姓”。楚国王室以芈为姓，楚国国君为熊氏，屈氏与景氏、昭... 查看更多>,5219613,热,https://www.baidu.com/s?wd=%E5%B1%88%E5%8E%9F%E5%85%B6%E5%AE%9E%E4%B8%8D%E5%A7%93%E5%B1%88&sa=fyb_news&rsv_dl=fyb_news,2026-06-18_22.48
29.0,追觅宣布回归主业,近期，追觅科技完成新一轮核心战略调整，锁定智能家庭、户外庭院、智能出行、具身智能4大核心赛道，对旗下业务体系进行系统性梳... 查看更多>,5136564,,https://www.baidu.com/s?wd=%E8%BF%BD%E8%A7%85%E5%AE%A3%E5%B8%83%E5%9B%9E%E5%BD%92%E4%B8%BB%E4%B8%9A&sa=fyb_news&rsv_dl=fyb_news,2026-06-18_22.48
30.0,2026西溪龙舟文化节,作为西溪湿地当之无愧的文化“金名片”，端午龙舟竞渡在此传承不息。本届活动在延续民主党派龙舟赛、国际龙船赛、龙舟胜会等多元... 查看更多>,5036415,新,https://www.baidu.com/s?wd=2026%E8%A5%BF%E6%BA%AA%E9%BE%99%E8%88%9F%E6%96%87%E5%8C%96%E8%8A%82&sa=fyb_news&rsv_dl=fyb_news,2026-06-18_22.48
31.0,小组赛首轮后男足世界排名情况,近日，2026美加墨世界杯小组赛第二轮开启。首轮结束后最新世界排名出炉，阿根廷继续领跑，法国反超西班牙升至第二。墨西哥、... 查看更多>,4939455,,https://www.baidu.com/s?wd=%E5%B0%8F%E7%BB%84%E8%B5%9B%E9%A6%96%E8%BD%AE%E5%90%8E%E7%94%B7%E8%B6%B3%E4%B8%96%E7%95%8C%E6%8E%92%E5%90%8D%E6%83%85%E5%86%B5&sa=fyb_news&rsv_dl=fyb_news,2026-06-18_22.48
32.0,老外在世界杯被中国拨浪鼓硬控,近日，美加墨世界杯举行，老外在世界杯被中国拨浪鼓硬控了！ 查看更多>,4834010,,https://www.baidu.com/s?wd=%E8%80%81%E5%A4%96%E5%9C%A8%E4%B8%96%E7%95%8C%E6%9D%AF%E8%A2%AB%E4%B8%AD%E5%9B%BD%E6%8B%A8%E6%B5%AA%E9%BC%93%E7%A1%AC%E6%8E%A7&sa=fyb_news&rsv_dl=fyb_news,2026-06-18_22.48
33.0,刘建宏：C罗该给葡萄牙打替补,北京时间6月18日，世界杯小组赛首轮，葡萄牙1-1民主刚果，C罗没有进球，表现低迷，前央视名嘴刘建宏用大巴黎举例，认为C... 查看更多>,4762058,,https://www.baidu.com/s?wd=%E5%88%98%E5%BB%BA%E5%AE%8F%EF%BC%9AC%E7%BD%97%E8%AF%A5%E7%BB%99%E8%91%A1%E8%90%84%E7%89%99%E6%89%93%E6%9B%BF%E8%A1%A5&sa=fyb_news&rsv_dl=fyb_news,2026-06-18_22.48
34.0,李佳琦回应纸尿裤被指检出甲酰胺,近日，“好奇”“碧芭宝贝”“Babycare”等多个品牌的婴幼儿纸尿裤中被曝检出毒性物质——甲酰胺。6月18日，李佳琦在... 查看更多>,4658198,,https://www.baidu.com/s?wd=%E6%9D%8E%E4%BD%B3%E7%90%A6%E5%9B%9E%E5%BA%94%E7%BA%B8%E5%B0%BF%E8%A3%A4%E8%A2%AB%E6%8C%87%E6%A3%80%E5%87%BA%E7%94%B2%E9%85%B0%E8%83%BA&sa=fyb_news&rsv_dl=fyb_news,2026-06-18_22.48
35.0,本届世界杯红牌数已超上届,北京时间2026年6月19日，卡塔尔球员红牌被罚下，本届世界杯的红牌数量已来到5张，超过了2022年卡塔尔世界杯的4张红... 查看更多>,4554804,,https://www.baidu.com/s?wd=%E6%9C%AC%E5%B1%8A%E4%B8%96%E7%95%8C%E6%9D%AF%E7%BA%A2%E7%89%8C%E6%95%B0%E5%B7%B2%E8%B6%85%E4%B8%8A%E5%B1%8A&sa=fyb_news&rsv_dl=fyb_news,2026-06-18_22.48
36.0,未穿上衣救人厨师：以后还会出手,6月14日，江苏苏州一家烤鱼店内，一名顾客用餐时突发异物卡喉，后厨的厨师刘师傅紧急救援，最终帮助顾客脱险，但却因救人时未... 查看更多>,4476460,,https://www.baidu.com/s?wd=%E6%9C%AA%E7%A9%BF%E4%B8%8A%E8%A1%A3%E6%95%91%E4%BA%BA%E5%8E%A8%E5%B8%88%EF%BC%9A%E4%BB%A5%E5%90%8E%E8%BF%98%E4%BC%9A%E5%87%BA%E6%89%8B&sa=fyb_news&rsv_dl=fyb_news,2026-06-18_22.48
37.0,多名女子转呼啦圈导致脾脏破裂,浙江大学医学院附属第四医院近期接诊多例女性患者，因转自重较重的呼啦圈导致脾脏破裂。患者年龄30至50岁，共性为饭后立即剧... 查看更多>,4379637,,https://www.baidu.com/s?wd=%E5%A4%9A%E5%90%8D%E5%A5%B3%E5%AD%90%E8%BD%AC%E5%91%BC%E5%95%A6%E5%9C%88%E5%AF%BC%E8%87%B4%E8%84%BE%E8%84%8F%E7%A0%B4%E8%A3%82&sa=fyb_news&rsv_dl=fyb_news,2026-06-18_22.48
38.0,深圳梧桐山“老虎涧”暴涨成瀑布,查看更多>,4289291,,https://www.baidu.com/s?wd=%E6%B7%B1%E5%9C%B3%E6%A2%A7%E6%A1%90%E5%B1%B1%E2%80%9C%E8%80%81%E8%99%8E%E6%B6%A7%E2%80%9D%E6%9A%B4%E6%B6%A8%E6%88%90%E7%80%91%E5%B8%83&sa=fyb_news&rsv_dl=fyb_news,2026-06-18_22.48
39.0,多国强烈谴责以色列定居者袭击行为,当地时间18日，约旦、阿联酋、印度尼西亚、巴基斯坦、土耳其、沙特阿拉伯、卡塔尔和埃及八国发表联合声明，强烈谴责以色列定居... 查看更多>,4166839,,https://www.baidu.com/s?wd=%E5%A4%9A%E5%9B%BD%E5%BC%BA%E7%83%88%E8%B0%B4%E8%B4%A3%E4%BB%A5%E8%89%B2%E5%88%97%E5%AE%9A%E5%B1%85%E8%80%85%E8%A2%AD%E5%87%BB%E8%A1%8C%E4%B8%BA&sa=fyb_news&rsv_dl=fyb_news,2026-06-18_22.48
40.0,韩总统抓空档快步上前与卢拉交流,查看更多>,4073867,,https://www.baidu.com/s?wd=%E9%9F%A9%E6%80%BB%E7%BB%9F%E6%8A%93%E7%A9%BA%E6%A1%A3%E5%BF%AB%E6%AD%A5%E4%B8%8A%E5%89%8D%E4%B8%8E%E5%8D%A2%E6%8B%89%E4%BA%A4%E6%B5%81&sa=fyb_news&rsv_dl=fyb_news,2026-06-18_22.48
41.0,贾乃亮自曝无戏可拍,查看更多>,3984894,,https://www.baidu.com/s?wd=%E8%B4%BE%E4%B9%83%E4%BA%AE%E8%87%AA%E6%9B%9D%E6%97%A0%E6%88%8F%E5%8F%AF%E6%8B%8D&sa=fyb_news&rsv_dl=fyb_news,2026-06-18_22.48
42.0,伊朗：霍尔木兹海峡60天内免费通行,据伊朗伊斯兰共和国通讯社18日报道，伊朗最高国家安全委员会发表声明说，根据伊美谅解备忘录，在未来60天内，申请通过霍尔木... 查看更多>,3910138,,https://www.baidu.com/s?wd=%E4%BC%8A%E6%9C%97%EF%BC%9A%E9%9C%8D%E5%B0%94%E6%9C%A8%E5%85%B9%E6%B5%B7%E5%B3%A160%E5%A4%A9%E5%86%85%E5%85%8D%E8%B4%B9%E9%80%9A%E8%A1%8C&sa=fyb_news&rsv_dl=fyb_news,2026-06-18_22.48
43.0,莫斯科遭2年来最大规模无人机袭击,查看更多>,3812281,,https://www.baidu.com/s?wd=%E8%8E%AB%E6%96%AF%E7%A7%91%E9%81%AD2%E5%B9%B4%E6%9D%A5%E6%9C%80%E5%A4%A7%E8%A7%84%E6%A8%A1%E6%97%A0%E4%BA%BA%E6%9C%BA%E8%A2%AD%E5%87%BB&sa=fyb_news&rsv_dl=fyb_news,2026-06-18_22.48
44.0,60后大爷看00后龙舟男团的腹肌笑了,查看更多>,3699139,,https://www.baidu.com/s?wd=60%E5%90%8E%E5%A4%A7%E7%88%B7%E7%9C%8B00%E5%90%8E%E9%BE%99%E8%88%9F%E7%94%B7%E5%9B%A2%E7%9A%84%E8%85%B9%E8%82%8C%E7%AC%91%E4%BA%86&sa=fyb_news&rsv_dl=fyb_news,2026-06-18_22.48
45.0,加拿大球员目睹队友受伤吓哭,美加墨世界杯小组赛B组第2轮，加拿大vs卡塔尔。比赛第53分钟，卡塔尔中场阿西姆·马迪博拼抢中对伊斯梅尔·科内犯规，导致... 查看更多>,3601897,新,https://www.baidu.com/s?wd=%E5%8A%A0%E6%8B%BF%E5%A4%A7%E7%90%83%E5%91%98%E7%9B%AE%E7%9D%B9%E9%98%9F%E5%8F%8B%E5%8F%97%E4%BC%A4%E5%90%93%E5%93%AD&sa=fyb_news&rsv_dl=fyb_news,2026-06-18_22.48
46.0,瑞士4比1波黑,北京时间6月19日凌晨，2026年美加墨世界杯继续进行。在B组第二轮的一场比赛中，瑞士4-1波黑收获小组赛首胜。 查看更多>,3517118,热,https://www.baidu.com/s?wd=%E7%91%9E%E5%A3%AB4%E6%AF%941%E6%B3%A2%E9%BB%91&sa=fyb_news&rsv_dl=fyb_news,2026-06-18_22.48
47.0,卖不完的粽子都去哪儿了,每年端午节前后都会有大量粽子上市。许多人心中都有一个疑问：卖不完的粽子最终都去了哪里？记者实地调查发现，有的被转售给早餐... 查看更多>,3398715,新,https://www.baidu.com/s?wd=%E5%8D%96%E4%B8%8D%E5%AE%8C%E7%9A%84%E7%B2%BD%E5%AD%90%E9%83%BD%E5%8E%BB%E5%93%AA%E5%84%BF%E4%BA%86&sa=fyb_news&rsv_dl=fyb_news,2026-06-18_22.48
48.0,吴倩自曝被爸爸打掉牙齿不敢吐出来,演员吴倩在近期采访中谈及原生家庭，自曝童年因逗弄邻居家的小狗被咬伤后，遭父亲掌掴导致牙齿脱落，因为害怕，她不敢把牙齿吐出... 查看更多>,3333600,,https://www.baidu.com/s?wd=%E5%90%B4%E5%80%A9%E8%87%AA%E6%9B%9D%E8%A2%AB%E7%88%B8%E7%88%B8%E6%89%93%E6%8E%89%E7%89%99%E9%BD%BF%E4%B8%8D%E6%95%A2%E5%90%90%E5%87%BA%E6%9D%A5&sa=fyb_news&rsv_dl=fyb_news,2026-06-18_22.48
49.0,老乡鸡回应餐具图案掉色印到蒸蛋上,6月5日，消费者反映在老乡鸡用餐时发现餐具图案掉色印到蒸蛋上。6月18日，老乡鸡回应称涉事餐具为陶瓷材质，符合《食品安全... 查看更多>,3244058,,https://www.baidu.com/s?wd=%E8%80%81%E4%B9%A1%E9%B8%A1%E5%9B%9E%E5%BA%94%E9%A4%90%E5%85%B7%E5%9B%BE%E6%A1%88%E6%8E%89%E8%89%B2%E5%8D%B0%E5%88%B0%E8%92%B8%E8%9B%8B%E4%B8%8A&sa=fyb_news&rsv_dl=fyb_news,2026-06-18_22.48
50.0,曼赞比身价1年从75万欧暴涨至5千万欧,北京时间6月19日凌晨，瑞士队在2026年世界杯小组赛第二轮中最后阶段发力，4比1大胜波黑队，拿到本届世界杯的首胜。比赛... 查看更多>,3121231,,https://www.baidu.com/s?wd=%E6%9B%BC%E8%B5%9E%E6%AF%94%E8%BA%AB%E4%BB%B71%E5%B9%B4%E4%BB%8E75%E4%B8%87%E6%AC%A7%E6%9A%B4%E6%B6%A8%E8%87%B35%E5%8D%83%E4%B8%87%E6%AC%A7&sa=fyb_news&rsv_dl=fyb_news,2026-06-18_22.48
